id,filename,category,sub_category,has_blur,has_underexposure,has_overexposure,has_noise,has_corruption,has_defect,gt_quality_score,gt_quality_label,pred_quality_score,pred_quality_label,prob_blur,prob_underexposure,prob_overexposure,prob_noise,prob_corruption,prob_defect,ae_recon_error,issues_detected,pred_blur,pred_underexposure,pred_overexposure,pred_noise,pred_corruption,pred_defect
1,clean_0001.jpg,Pristine,clean_reference,0,0,0,0,0,0,100.0,ACCEPTABLE,100.0,ACCEPTABLE,0.0057,0.0026,0.0068,0.0313,0.0044,0.6183,0.04453,None,False,False,False,False,False,False
2,clean_0002.jpg,Pristine,clean_reference,0,0,0,0,0,0,100.0,ACCEPTABLE,100.0,ACCEPTABLE,0.039,0.0025,0.1035,0.003,0.0686,0.2745,0.07132,None,False,False,False,False,False,False
3,clean_0003.jpg,Pristine,clean_reference,0,0,0,0,0,0,100.0,ACCEPTABLE,54.5,DEFECTIVE,0.001,0.0124,0.0022,0.0013,0.0123,0.7024,0.0846,defect(high),False,False,False,False,False,True
4,clean_0004.jpg,Pristine,clean_reference,0,0,0,0,0,0,100.0,ACCEPTABLE,54.5,DEGRADED,0.0006,0.0027,0.0127,0.0212,0.0055,0.6756,0.13727,defect(high),False,False,False,False,False,True
5,clean_0005.jpg,Pristine,clean_reference,0,0,0,0,0,0,100.0,ACCEPTABLE,80.4,DEGRADED,0.0018,0.0014,0.0138,0.0024,0.0401,0.5644,0.0901,defect(low),False,False,False,False,False,True
6,clean_0006.jpg,Pristine,clean_reference,0,0,0,0,0,0,100.0,ACCEPTABLE,100.0,ACCEPTABLE,0.0021,0.0039,0.0047,0.0029,0.0161,0.2891,0.16628,None,False,False,False,False,False,False
7,clean_0007.jpg,Pristine,clean_reference,0,0,0,0,0,0,100.0,ACCEPTABLE,68.5,DEGRADED,0.0034,0.0062,0.0062,0.0008,0.0631,0.6198,0.08383,defect(medium),False,False,False,False,False,True
8,clean_0008.jpg,Pristine,clean_reference,0,0,0,0,0,0,100.0,ACCEPTABLE,88.8,ACCEPTABLE,0.0105,0.0226,0.0024,0.606,0.0005,0.4907,0.0759,noise(medium),False,False,False,True,False,False
9,clean_0009.jpg,Pristine,clean_reference,0,0,0,0,0,0,100.0,ACCEPTABLE,100.0,ACCEPTABLE,0.2035,0.0016,0.0194,0.0114,0.0249,0.3339,0.13041,None,False,False,False,False,False,False
10,clean_0010.jpg,Pristine,clean_reference,0,0,0,0,0,0,100.0,ACCEPTABLE,100.0,ACCEPTABLE,0.0369,0.0018,0.0058,0.0026,0.0239,0.3732,0.10549,None,False,False,False,False,False,False
11,clean_0011.jpg,Pristine,clean_reference,0,0,0,0,0,0,100.0,ACCEPTABLE,100.0,ACCEPTABLE,0.0042,0.0004,0.2369,0.0058,0.0341,0.3725,0.16221,None,False,False,False,False,False,False
12,clean_0012.jpg,Pristine,clean_reference,0,0,0,0,0,0,100.0,ACCEPTABLE,80.4,DEGRADED,0.0073,0.0215,0.0134,0.0189,0.0237,0.5813,0.1123,defect(low),False,False,False,False,False,True
13,clean_0013.jpg,Pristine,clean_reference,0,0,0,0,0,0,100.0,ACCEPTABLE,95.8,ACCEPTABLE,0.0356,0.0006,0.0185,0.3155,0.0039,0.437,0.10112,noise(low),False,False,False,True,False,False
14,clean_0014.jpg,Pristine,clean_reference,0,0,0,0,0,0,100.0,ACCEPTABLE,100.0,ACCEPTABLE,0.3068,0.004,0.0365,0.0007,0.3145,0.2316,0.09699,None,False,False,False,False,False,False
15,clean_0015.jpg,Pristine,clean_reference,0,0,0,0,0,0,100.0,ACCEPTABLE,44.0,DEFECTIVE,0.0,0.0074,0.0012,0.0002,0.0099,0.833,0.45951,defect(high),False,False,False,False,False,True
16,clean_0016.jpg,Pristine,clean_reference,0,0,0,0,0,0,100.0,ACCEPTABLE,80.4,DEGRADED,0.0287,0.0738,0.0018,0.0084,0.0029,0.5619,0.06137,defect(low),False,False,False,False,False,True
17,clean_0017.jpg,Pristine,clean_reference,0,0,0,0,0,0,100.0,ACCEPTABLE,100.0,ACCEPTABLE,0.0146,0.002,0.0098,0.0026,0.0437,0.5979,0.05434,None,False,False,False,False,False,False
18,clean_0018.jpg,Pristine,clean_reference,0,0,0,0,0,0,100.0,ACCEPTABLE,88.8,ACCEPTABLE,0.024,0.002,0.0075,0.5698,0.0028,0.3219,0.106,noise(medium),False,False,False,True,False,False
19,clean_0019.jpg,Pristine,clean_reference,0,0,0,0,0,0,100.0,ACCEPTABLE,65.6,DEGRADED,0.0009,0.0111,0.0059,0.3521,0.0009,0.613,0.13666,noise(low); defect(medium),False,False,False,True,False,True
20,clean_0020.jpg,Pristine,clean_reference,0,0,0,0,0,0,100.0,ACCEPTABLE,100.0,ACCEPTABLE,0.0272,0.0027,0.0272,0.0021,0.1574,0.5449,0.09168,None,False,False,False,False,False,False
21,clean_0021.jpg,Pristine,clean_reference,0,0,0,0,0,0,100.0,ACCEPTABLE,66.6,DEGRADED,0.0029,0.0008,0.0202,0.0003,0.13,0.5443,0.2156,defect(medium),False,False,False,False,False,True
22,clean_0022.jpg,Pristine,clean_reference,0,0,0,0,0,0,100.0,ACCEPTABLE,94.4,ACCEPTABLE,0.0018,0.0004,0.4357,0.002,0.0669,0.2289,0.06613,overexposure(low),False,False,True,False,False,False
23,clean_0023.jpg,Pristine,clean_reference,0,0,0,0,0,0,100.0,ACCEPTABLE,93.0,ACCEPTABLE,0.4212,0.0122,0.0064,0.0077,0.0098,0.2085,0.03305,blur(low),True,False,False,False,False,False
24,clean_0024.jpg,Pristine,clean_reference,0,0,0,0,0,0,100.0,ACCEPTABLE,93.0,ACCEPTABLE,0.429,0.0024,0.032,0.0004,0.3096,0.18,0.05849,blur(low),True,False,False,False,False,False
25,clean_0025.jpg,Pristine,clean_reference,0,0,0,0,0,0,100.0,ACCEPTABLE,100.0,ACCEPTABLE,0.0087,0.0008,0.2048,0.0026,0.1117,0.3559,0.08643,None,False,False,False,False,False,False
26,clean_0026.jpg,Pristine,clean_reference,0,0,0,0,0,0,100.0,ACCEPTABLE,100.0,ACCEPTABLE,0.2124,0.003,0.0049,0.0002,0.2622,0.3621,0.09973,None,False,False,False,False,False,False
27,clean_0027.jpg,Pristine,clean_reference,0,0,0,0,0,0,100.0,ACCEPTABLE,100.0,ACCEPTABLE,0.062,0.0008,0.0242,0.0008,0.1051,0.3822,0.11933,None,False,False,False,False,False,False
28,clean_0028.jpg,Pristine,clean_reference,0,0,0,0,0,0,100.0,ACCEPTABLE,54.5,DEGRADED,0.0005,0.007,0.0035,0.0002,0.0557,0.6928,0.14047,defect(high),False,False,False,False,False,True
29,clean_0029.jpg,Pristine,clean_reference,0,0,0,0,0,0,100.0,ACCEPTABLE,100.0,ACCEPTABLE,0.0573,0.0777,0.006,0.0004,0.274,0.475,0.05485,None,False,False,False,False,False,False
30,clean_0030.jpg,Pristine,clean_reference,0,0,0,0,0,0,100.0,ACCEPTABLE,100.0,ACCEPTABLE,0.1096,0.0008,0.054,0.0013,0.0583,0.1327,0.06918,None,False,False,False,False,False,False
31,clean_0031.jpg,Pristine,clean_reference,0,0,0,0,0,0,100.0,ACCEPTABLE,83.2,ACCEPTABLE,0.6099,0.0091,0.0657,0.0015,0.2068,0.0917,0.1054,blur(medium),True,False,False,False,False,False
32,clean_0032.jpg,Pristine,clean_reference,0,0,0,0,0,0,100.0,ACCEPTABLE,80.4,DEGRADED,0.0091,0.0021,0.0082,0.0001,0.357,0.5724,0.09698,defect(low),False,False,False,False,False,True
33,clean_0033.jpg,Pristine,clean_reference,0,0,0,0,0,0,100.0,ACCEPTABLE,100.0,ACCEPTABLE,0.0042,0.0002,0.0904,0.0205,0.0134,0.4394,0.16777,None,False,False,False,False,False,False
34,clean_0034.jpg,Pristine,clean_reference,0,0,0,0,0,0,100.0,ACCEPTABLE,100.0,ACCEPTABLE,0.0131,0.0005,0.0154,0.0004,0.2242,0.4467,0.09173,None,False,False,False,False,False,False
35,clean_0035.jpg,Pristine,clean_reference,0,0,0,0,0,0,100.0,ACCEPTABLE,100.0,ACCEPTABLE,0.1035,0.0006,0.0367,0.0009,0.222,0.2932,0.06538,None,False,False,False,False,False,False
36,clean_0036.jpg,Pristine,clean_reference,0,0,0,0,0,0,100.0,ACCEPTABLE,68.5,DEGRADED,0.013,0.0027,0.0143,0.0075,0.0562,0.6158,0.1018,defect(medium),False,False,False,False,False,True
37,clean_0037.jpg,Pristine,clean_reference,0,0,0,0,0,0,100.0,ACCEPTABLE,68.5,DEGRADED,0.0005,0.0021,0.0038,0.0088,0.0022,0.6234,0.11557,defect(medium),False,False,False,False,False,True
38,clean_0038.jpg,Pristine,clean_reference,0,0,0,0,0,0,100.0,ACCEPTABLE,70.6,DEGRADED,0.7659,0.0016,0.0995,0.0018,0.2742,0.0707,0.05255,blur(high),True,False,False,False,False,False
39,clean_0039.jpg,Pristine,clean_reference,0,0,0,0,0,0,100.0,ACCEPTABLE,68.5,DEGRADED,0.0002,0.0862,0.0008,0.0009,0.011,0.6205,0.14681,defect(medium),False,False,False,False,False,True
40,clean_0040.jpg,Pristine,clean_reference,0,0,0,0,0,0,100.0,ACCEPTABLE,44.7,DEFECTIVE,0.0011,0.0016,0.0234,0.0034,0.033,0.6111,0.38591,defect(high),False,False,False,False,False,True
41,clean_0041.jpg,Pristine,clean_reference,0,0,0,0,0,0,100.0,ACCEPTABLE,100.0,ACCEPTABLE,0.0034,0.0007,0.3091,0.0346,0.0222,0.385,0.13517,None,False,False,False,False,False,False
42,clean_0042.jpg,Pristine,clean_reference,0,0,0,0,0,0,100.0,ACCEPTABLE,87.4,ACCEPTABLE,0.117,0.0732,0.005,0.0001,0.6745,0.329,0.06052,corruption(medium),False,False,False,False,True,False
43,clean_0043.jpg,Pristine,clean_reference,0,0,0,0,0,0,100.0,ACCEPTABLE,100.0,ACCEPTABLE,0.0017,0.0008,0.0999,0.0026,0.0697,0.366,0.08987,None,False,False,False,False,False,False
44,clean_0044.jpg,Pristine,clean_reference,0,0,0,0,0,0,100.0,ACCEPTABLE,100.0,ACCEPTABLE,0.234,0.0792,0.0234,0.0126,0.0391,0.2576,0.03727,None,False,False,False,False,False,False
45,clean_0045.jpg,Pristine,clean_reference,0,0,0,0,0,0,100.0,ACCEPTABLE,42.7,DEFECTIVE,0.4725,0.0031,0.2163,0.0048,0.3919,0.0836,0.32465,blur(low); defect(high),True,False,False,False,False,True
46,clean_0046.jpg,Pristine,clean_reference,0,0,0,0,0,0,100.0,ACCEPTABLE,95.8,ACCEPTABLE,0.0711,0.002,0.0274,0.0002,0.5372,0.2642,0.07118,corruption(low),False,False,False,False,True,False
47,clean_0047.jpg,Pristine,clean_reference,0,0,0,0,0,0,100.0,ACCEPTABLE,100.0,ACCEPTABLE,0.0281,0.0013,0.0997,0.0103,0.0699,0.4719,0.09466,None,False,False,False,False,False,False
48,clean_0048.jpg,Pristine,clean_reference,0,0,0,0,0,0,100.0,ACCEPTABLE,100.0,ACCEPTABLE,0.0115,0.008,0.0046,0.0001,0.3663,0.4012,0.04488,None,False,False,False,False,False,False
49,clean_0049.jpg,Pristine,clean_reference,0,0,0,0,0,0,100.0,ACCEPTABLE,100.0,ACCEPTABLE,0.0033,0.0009,0.0227,0.0036,0.0483,0.4575,0.1348,None,False,False,False,False,False,False
50,clean_0050.jpg,Pristine,clean_reference,0,0,0,0,0,0,100.0,ACCEPTABLE,54.5,DEGRADED,0.0037,0.0022,0.0062,0.0002,0.1365,0.6459,0.12357,defect(high),False,False,False,False,False,True
51,clean_0051.jpg,Pristine,clean_reference,0,0,0,0,0,0,100.0,ACCEPTABLE,86.0,ACCEPTABLE,0.0613,0.0007,0.5655,0.0013,0.2211,0.1294,0.14041,overexposure(medium),False,False,True,False,False,False
52,clean_0052.jpg,Pristine,clean_reference,0,0,0,0,0,0,100.0,ACCEPTABLE,52.7,DEFECTIVE,0.0004,0.0065,0.0027,0.0024,0.0062,0.715,0.21308,defect(high),False,False,False,False,False,True
53,clean_0053.jpg,Pristine,clean_reference,0,0,0,0,0,0,100.0,ACCEPTABLE,53.2,DEGRADED,0.0015,0.0081,0.0093,0.1461,0.0022,0.5694,0.20372,defect(high),False,False,False,False,False,True
54,clean_0054.jpg,Pristine,clean_reference,0,0,0,0,0,0,100.0,ACCEPTABLE,98.7,ACCEPTABLE,0.0143,0.0009,0.0108,0.0002,0.1559,0.2524,0.20303,None,False,False,False,False,False,False
55,clean_0055.jpg,Pristine,clean_reference,0,0,0,0,0,0,100.0,ACCEPTABLE,70.6,DEGRADED,0.7069,0.0111,0.0664,0.0084,0.0802,0.1296,0.03475,blur(high),True,False,False,False,False,False
56,clean_0056.jpg,Pristine,clean_reference,0,0,0,0,0,0,100.0,ACCEPTABLE,80.4,DEGRADED,0.0147,0.0011,0.0341,0.0017,0.1576,0.5162,0.15606,defect(low),False,False,False,False,False,True
57,clean_0057.jpg,Pristine,clean_reference,0,0,0,0,0,0,100.0,ACCEPTABLE,50.6,DEFECTIVE,0.0316,0.0007,0.0092,0.0003,0.0917,0.3785,0.25977,defect(high),False,False,False,False,False,True
58,clean_0058.jpg,Pristine,clean_reference,0,0,0,0,0,0,100.0,ACCEPTABLE,100.0,ACCEPTABLE,0.003,0.0018,0.0195,0.0008,0.2092,0.1394,0.12,None,False,False,False,False,False,False
59,clean_0059.jpg,Pristine,clean_reference,0,0,0,0,0,0,100.0,ACCEPTABLE,68.5,DEGRADED,0.0037,0.0009,0.0149,0.0066,0.0287,0.6142,0.14633,defect(medium),False,False,False,False,False,True
60,clean_0060.jpg,Pristine,clean_reference,0,0,0,0,0,0,100.0,ACCEPTABLE,100.0,ACCEPTABLE,0.0145,0.0019,0.0044,0.005,0.0143,0.5396,0.07431,None,False,False,False,False,False,False
61,clean_0061.jpg,Pristine,clean_reference,0,0,0,0,0,0,100.0,ACCEPTABLE,68.5,DEGRADED,0.0049,0.1348,0.0017,0.0754,0.001,0.5661,0.1206,defect(medium),False,False,False,False,False,True
62,clean_0062.jpg,Pristine,clean_reference,0,0,0,0,0,0,100.0,ACCEPTABLE,70.6,DEGRADED,0.7843,0.0009,0.0134,0.0005,0.0375,0.0555,0.11857,blur(high),True,False,False,False,False,False
63,clean_0063.jpg,Pristine,clean_reference,0,0,0,0,0,0,100.0,ACCEPTABLE,100.0,ACCEPTABLE,0.0619,0.0001,0.0443,0.0002,0.0381,0.0714,0.08354,None,False,False,False,False,False,False
64,clean_0064.jpg,Pristine,clean_reference,0,0,0,0,0,0,100.0,ACCEPTABLE,52.1,DEGRADED,0.0171,0.0052,0.0059,0.0047,0.0342,0.6174,0.22746,defect(high),False,False,False,False,False,True
65,clean_0065.jpg,Pristine,clean_reference,0,0,0,0,0,0,100.0,ACCEPTABLE,68.5,DEGRADED,0.0009,0.6036,0.0027,0.001,0.0776,0.6835,0.06674,defect(medium),False,False,False,False,False,True
66,clean_0066.jpg,Pristine,clean_reference,0,0,0,0,0,0,100.0,ACCEPTABLE,54.5,DEFECTIVE,0.0021,0.6849,0.0017,0.0003,0.1044,0.739,0.08089,defect(high),False,False,False,False,False,True
67,clean_0067.jpg,Pristine,clean_reference,0,0,0,0,0,0,100.0,ACCEPTABLE,100.0,ACCEPTABLE,0.013,0.001,0.0323,0.0069,0.1194,0.4431,0.07319,None,False,False,False,False,False,False
68,clean_0068.jpg,Pristine,clean_reference,0,0,0,0,0,0,100.0,ACCEPTABLE,72.0,DEGRADED,0.0424,0.0001,0.023,0.0,0.9646,0.0108,0.10202,corruption(high),False,False,False,False,True,False
69,clean_0069.jpg,Pristine,clean_reference,0,0,0,0,0,0,100.0,ACCEPTABLE,54.5,DEGRADED,0.0015,0.0126,0.0017,0.0001,0.0547,0.637,0.15193,defect(high),False,False,False,False,False,True
70,clean_0070.jpg,Pristine,clean_reference,0,0,0,0,0,0,100.0,ACCEPTABLE,100.0,ACCEPTABLE,0.1682,0.1318,0.0069,0.0035,0.0746,0.4238,0.07118,None,False,False,False,False,False,False
71,clean_0071.jpg,Pristine,clean_reference,0,0,0,0,0,0,100.0,ACCEPTABLE,80.4,DEGRADED,0.0698,0.0013,0.0191,0.0037,0.0937,0.5138,0.12268,defect(low),False,False,False,False,False,True
72,clean_0072.jpg,Pristine,clean_reference,0,0,0,0,0,0,100.0,ACCEPTABLE,54.5,DEGRADED,0.0348,0.0185,0.0089,0.0005,0.1979,0.6534,0.14499,defect(high),False,False,False,False,False,True
73,clean_0073.jpg,Pristine,clean_reference,0,0,0,0,0,0,100.0,ACCEPTABLE,100.0,ACCEPTABLE,0.089,0.0189,0.0192,0.0079,0.2,0.5258,0.05081,None,False,False,False,False,False,False
74,clean_0074.jpg,Pristine,clean_reference,0,0,0,0,0,0,100.0,ACCEPTABLE,68.5,DEGRADED,0.0007,0.0055,0.0072,0.0431,0.0033,0.6446,0.10352,defect(medium),False,False,False,False,False,True
75,clean_0075.jpg,Pristine,clean_reference,0,0,0,0,0,0,100.0,ACCEPTABLE,54.5,DEFECTIVE,0.0004,0.0373,0.0014,0.0004,0.0143,0.7338,0.1463,defect(high),False,False,False,False,False,True
76,clean_0076.jpg,Pristine,clean_reference,0,0,0,0,0,0,100.0,ACCEPTABLE,68.5,DEGRADED,0.0006,0.0021,0.0074,0.0184,0.0032,0.6337,0.11738,defect(medium),False,False,False,False,False,True
77,clean_0077.jpg,Pristine,clean_reference,0,0,0,0,0,0,100.0,ACCEPTABLE,93.0,ACCEPTABLE,0.3683,0.008,0.0275,0.0012,0.1365,0.1977,0.05367,blur(low),True,False,False,False,False,False
78,clean_0078.jpg,Pristine,clean_reference,0,0,0,0,0,0,100.0,ACCEPTABLE,70.6,DEGRADED,0.7245,0.0023,0.0414,0.0015,0.0464,0.048,0.03141,blur(high),True,False,False,False,False,False
79,clean_0079.jpg,Pristine,clean_reference,0,0,0,0,0,0,100.0,ACCEPTABLE,100.0,ACCEPTABLE,0.0346,0.0052,0.0078,0.0001,0.2435,0.3394,0.17327,None,False,False,False,False,False,False
80,clean_0080.jpg,Pristine,clean_reference,0,0,0,0,0,0,100.0,ACCEPTABLE,80.4,DEGRADED,0.0301,0.0028,0.0072,0.0003,0.2061,0.5727,0.05896,defect(low),False,False,False,False,False,True
81,clean_0081.jpg,Pristine,clean_reference,0,0,0,0,0,0,100.0,ACCEPTABLE,100.0,ACCEPTABLE,0.0065,0.0019,0.0103,0.0001,0.4177,0.4489,0.15288,None,False,False,False,False,False,False
82,clean_0082.jpg,Pristine,clean_reference,0,0,0,0,0,0,100.0,ACCEPTABLE,100.0,ACCEPTABLE,0.1469,0.0008,0.203,0.0109,0.0756,0.27,0.06555,None,False,False,False,False,False,False
83,clean_0083.jpg,Pristine,clean_reference,0,0,0,0,0,0,100.0,ACCEPTABLE,68.5,DEGRADED,0.0007,0.0068,0.0025,0.0496,0.0024,0.6348,0.09498,defect(medium),False,False,False,False,False,True
84,clean_0084.jpg,Pristine,clean_reference,0,0,0,0,0,0,100.0,ACCEPTABLE,86.0,ACCEPTABLE,0.0174,0.0011,0.5048,0.004,0.1046,0.2372,0.13213,overexposure(medium),False,False,True,False,False,False
85,clean_0085.jpg,Pristine,clean_reference,0,0,0,0,0,0,100.0,ACCEPTABLE,68.0,DEGRADED,0.0035,0.0036,0.0063,0.0015,0.0754,0.5745,0.18503,defect(medium),False,False,False,False,False,True
86,clean_0086.jpg,Pristine,clean_reference,0,0,0,0,0,0,100.0,ACCEPTABLE,100.0,ACCEPTABLE,0.0336,0.0033,0.1732,0.0026,0.1647,0.3922,0.09067,None,False,False,False,False,False,False
87,clean_0087.jpg,Pristine,clean_reference,0,0,0,0,0,0,100.0,ACCEPTABLE,70.6,DEGRADED,0.0073,0.001,0.9558,0.0133,0.0616,0.084,0.15687,overexposure(high),False,False,True,False,False,False
88,clean_0088.jpg,Pristine,clean_reference,0,0,0,0,0,0,100.0,ACCEPTABLE,100.0,ACCEPTABLE,0.03,0.0025,0.0334,0.0037,0.0826,0.5131,0.05251,None,False,False,False,False,False,False
89,clean_0089.jpg,Pristine,clean_reference,0,0,0,0,0,0,100.0,ACCEPTABLE,50.7,DEGRADED,0.0203,0.0166,0.0049,0.0606,0.005,0.592,0.25697,defect(high),False,False,False,False,False,True
90,clean_0090.jpg,Pristine,clean_reference,0,0,0,0,0,0,100.0,ACCEPTABLE,68.5,DEGRADED,0.0008,0.0061,0.0373,0.0007,0.1131,0.5635,0.15514,defect(medium),False,False,False,False,False,True
91,clean_0091.jpg,Pristine,clean_reference,0,0,0,0,0,0,100.0,ACCEPTABLE,100.0,ACCEPTABLE,0.0458,0.0013,0.0182,0.0002,0.1791,0.317,0.11809,None,False,False,False,False,False,False
92,clean_0092.jpg,Pristine,clean_reference,0,0,0,0,0,0,100.0,ACCEPTABLE,83.2,ACCEPTABLE,0.631,0.0037,0.0829,0.0031,0.1682,0.1835,0.06774,blur(medium),True,False,False,False,False,False
93,clean_0093.jpg,Pristine,clean_reference,0,0,0,0,0,0,100.0,ACCEPTABLE,83.2,ACCEPTABLE,0.6746,0.0019,0.1039,0.0021,0.0746,0.0422,0.02133,blur(medium),True,False,False,False,False,False
94,clean_0094.jpg,Pristine,clean_reference,0,0,0,0,0,0,100.0,ACCEPTABLE,100.0,ACCEPTABLE,0.0021,0.0015,0.0104,0.0022,0.0342,0.4186,0.11264,None,False,False,False,False,False,False
95,clean_0095.jpg,Pristine,clean_reference,0,0,0,0,0,0,100.0,ACCEPTABLE,54.5,DEFECTIVE,0.0003,0.2144,0.0005,0.0017,0.0069,0.7072,0.08608,defect(high),False,False,False,False,False,True
96,clean_0096.jpg,Pristine,clean_reference,0,0,0,0,0,0,100.0,ACCEPTABLE,45.4,DEGRADED,0.0159,0.9572,0.003,0.0032,0.0405,0.4556,0.22809,underexposure(high); defect(medium),False,True,False,False,False,True
97,clean_0097.jpg,Pristine,clean_reference,0,0,0,0,0,0,100.0,ACCEPTABLE,100.0,ACCEPTABLE,0.0168,0.0049,0.0031,0.0002,0.1141,0.502,0.06308,None,False,False,False,False,False,False
98,clean_0098.jpg,Pristine,clean_reference,0,0,0,0,0,0,100.0,ACCEPTABLE,95.8,ACCEPTABLE,0.0657,0.002,0.0155,0.0001,0.5398,0.3232,0.09837,corruption(low),False,False,False,False,True,False
99,clean_0099.jpg,Pristine,clean_reference,0,0,0,0,0,0,100.0,ACCEPTABLE,53.0,DEGRADED,0.0103,0.99,0.0001,0.6411,0.0,0.1242,0.0212,underexposure(high); noise(high),False,True,False,True,False,False
100,clean_0100.jpg,Pristine,clean_reference,0,0,0,0,0,0,100.0,ACCEPTABLE,100.0,ACCEPTABLE,0.0139,0.0086,0.15,0.0131,0.0409,0.4705,0.03466,None,False,False,False,False,False,False
101,clean_0101.jpg,Pristine,clean_reference,0,0,0,0,0,0,100.0,ACCEPTABLE,100.0,ACCEPTABLE,0.0021,0.4731,0.0049,0.0002,0.2827,0.5387,0.0991,None,False,False,False,False,False,False
102,clean_0102.jpg,Pristine,clean_reference,0,0,0,0,0,0,100.0,ACCEPTABLE,83.2,ACCEPTABLE,0.4893,0.0493,0.0022,0.0004,0.0549,0.1557,0.07141,blur(medium),True,False,False,False,False,False
103,clean_0103.jpg,Pristine,clean_reference,0,0,0,0,0,0,100.0,ACCEPTABLE,70.6,DEGRADED,0.7023,0.0057,0.028,0.0479,0.0119,0.1303,0.05079,blur(high),True,False,False,False,False,False
104,clean_0104.jpg,Pristine,clean_reference,0,0,0,0,0,0,100.0,ACCEPTABLE,100.0,ACCEPTABLE,0.002,0.0008,0.0202,0.006,0.012,0.5553,0.05409,None,False,False,False,False,False,False
105,clean_0105.jpg,Pristine,clean_reference,0,0,0,0,0,0,100.0,ACCEPTABLE,70.6,DEGRADED,0.8192,0.0005,0.0022,0.0,0.2869,0.0206,0.06626,blur(high),True,False,False,False,False,False
106,clean_0106.jpg,Pristine,clean_reference,0,0,0,0,0,0,100.0,ACCEPTABLE,80.4,DEGRADED,0.0325,0.0073,0.0048,0.0535,0.0051,0.5629,0.10207,defect(low),False,False,False,False,False,True
107,clean_0107.jpg,Pristine,clean_reference,0,0,0,0,0,0,100.0,ACCEPTABLE,100.0,ACCEPTABLE,0.0011,0.0857,0.0017,0.0009,0.0218,0.6029,0.0576,None,False,False,False,False,False,False
108,clean_0108.jpg,Pristine,clean_reference,0,0,0,0,0,0,100.0,ACCEPTABLE,100.0,ACCEPTABLE,0.0428,0.0009,0.053,0.0011,0.0862,0.2395,0.0773,None,False,False,False,False,False,False
109,clean_0109.jpg,Pristine,clean_reference,0,0,0,0,0,0,100.0,ACCEPTABLE,83.2,ACCEPTABLE,0.4971,0.0006,0.2799,0.0007,0.1599,0.026,0.06753,blur(medium),True,False,False,False,False,False
110,clean_0110.jpg,Pristine,clean_reference,0,0,0,0,0,0,100.0,ACCEPTABLE,95.8,ACCEPTABLE,0.1557,0.018,0.0141,0.0004,0.5208,0.3376,0.03637,corruption(low),False,False,False,False,True,False
111,clean_0111.jpg,Pristine,clean_reference,0,0,0,0,0,0,100.0,ACCEPTABLE,68.5,DEGRADED,0.0037,0.0083,0.0058,0.1053,0.0022,0.5394,0.14447,defect(medium),False,False,False,False,False,True
112,clean_0112.jpg,Pristine,clean_reference,0,0,0,0,0,0,100.0,ACCEPTABLE,68.5,DEGRADED,0.0012,0.0031,0.0235,0.0004,0.2053,0.5265,0.16613,defect(medium),False,False,False,False,False,True
113,clean_0113.jpg,Pristine,clean_reference,0,0,0,0,0,0,100.0,ACCEPTABLE,68.5,DEGRADED,0.0008,0.0025,0.0071,0.0053,0.006,0.5317,0.16059,defect(medium),False,False,False,False,False,True
114,clean_0114.jpg,Pristine,clean_reference,0,0,0,0,0,0,100.0,ACCEPTABLE,83.2,ACCEPTABLE,0.6229,0.1,0.0123,0.0031,0.0409,0.0907,0.02134,blur(medium),True,False,False,False,False,False
115,clean_0115.jpg,Pristine,clean_reference,0,0,0,0,0,0,100.0,ACCEPTABLE,100.0,ACCEPTABLE,0.016,0.0793,0.0104,0.157,0.0026,0.4075,0.08229,None,False,False,False,False,False,False
116,clean_0116.jpg,Pristine,clean_reference,0,0,0,0,0,0,100.0,ACCEPTABLE,93.0,ACCEPTABLE,0.4465,0.1725,0.0719,0.0053,0.2183,0.1002,0.02071,blur(low),True,False,False,False,False,False
117,clean_0117.jpg,Pristine,clean_reference,0,0,0,0,0,0,100.0,ACCEPTABLE,100.0,ACCEPTABLE,0.343,0.0824,0.0231,0.0031,0.1464,0.2604,0.07897,None,False,False,False,False,False,False
118,clean_0118.jpg,Pristine,clean_reference,0,0,0,0,0,0,100.0,ACCEPTABLE,80.4,DEGRADED,0.0017,0.0007,0.0951,0.1628,0.0071,0.5041,0.13937,defect(low),False,False,False,False,False,True
119,clean_0119.jpg,Pristine,clean_reference,0,0,0,0,0,0,100.0,ACCEPTABLE,100.0,ACCEPTABLE,0.2343,0.0084,0.0534,0.0008,0.1398,0.0643,0.03515,None,False,False,False,False,False,False
120,clean_0120.jpg,Pristine,clean_reference,0,0,0,0,0,0,100.0,ACCEPTABLE,100.0,ACCEPTABLE,0.0106,0.001,0.0062,0.0026,0.0099,0.5049,0.08261,None,False,False,False,False,False,False
121,clean_0121.jpg,Pristine,clean_reference,0,0,0,0,0,0,100.0,ACCEPTABLE,100.0,ACCEPTABLE,0.0122,0.0004,0.0541,0.1307,0.0283,0.1911,0.13192,None,False,False,False,False,False,False
122,clean_0122.jpg,Pristine,clean_reference,0,0,0,0,0,0,100.0,ACCEPTABLE,68.5,DEGRADED,0.001,0.0041,0.0075,0.0005,0.0579,0.6069,0.11188,defect(medium),False,False,False,False,False,True
123,clean_0123.jpg,Pristine,clean_reference,0,0,0,0,0,0,100.0,ACCEPTABLE,100.0,ACCEPTABLE,0.1148,0.0904,0.0089,0.0018,0.0645,0.3531,0.13217,None,False,False,False,False,False,False
124,clean_0124.jpg,Pristine,clean_reference,0,0,0,0,0,0,100.0,ACCEPTABLE,52.6,DEGRADED,0.003,0.0012,0.0108,0.0013,0.0356,0.5728,0.21508,defect(high),False,False,False,False,False,True
125,clean_0125.jpg,Pristine,clean_reference,0,0,0,0,0,0,100.0,ACCEPTABLE,100.0,ACCEPTABLE,0.0067,0.0033,0.0189,0.0004,0.1679,0.3691,0.15109,None,False,False,False,False,False,False
126,clean_0126.jpg,Pristine,clean_reference,0,0,0,0,0,0,100.0,ACCEPTABLE,100.0,ACCEPTABLE,0.0144,0.7861,0.0152,0.001,0.3092,0.3875,0.15131,None,False,False,False,False,False,False
127,clean_0127.jpg,Pristine,clean_reference,0,0,0,0,0,0,100.0,ACCEPTABLE,32.5,DEFECTIVE,0.4938,0.1885,0.0101,0.0065,0.026,0.2522,0.39493,blur(medium); defect(high),True,False,False,False,False,True
128,clean_0128.jpg,Pristine,clean_reference,0,0,0,0,0,0,100.0,ACCEPTABLE,74.4,DEGRADED,0.5964,0.0136,0.0095,0.0001,0.6164,0.0716,0.10084,blur(medium); corruption(medium),True,False,False,False,True,False
129,clean_0129.jpg,Pristine,clean_reference,0,0,0,0,0,0,100.0,ACCEPTABLE,100.0,ACCEPTABLE,0.0734,0.0065,0.0262,0.0007,0.27,0.4058,0.1177,None,False,False,False,False,False,False
130,clean_0130.jpg,Pristine,clean_reference,0,0,0,0,0,0,100.0,ACCEPTABLE,100.0,ACCEPTABLE,0.206,0.0017,0.0468,0.0005,0.172,0.1185,0.02995,None,False,False,False,False,False,False
131,clean_0131.jpg,Pristine,clean_reference,0,0,0,0,0,0,100.0,ACCEPTABLE,100.0,ACCEPTABLE,0.0008,0.001,0.0471,0.003,0.0361,0.4306,0.12524,None,False,False,False,False,False,False
132,clean_0132.jpg,Pristine,clean_reference,0,0,0,0,0,0,100.0,ACCEPTABLE,100.0,ACCEPTABLE,0.0035,0.0012,0.018,0.0043,0.0279,0.5488,0.09829,None,False,False,False,False,False,False
133,clean_0133.jpg,Pristine,clean_reference,0,0,0,0,0,0,100.0,ACCEPTABLE,67.4,DEGRADED,0.0147,0.0012,0.0094,0.0001,0.5031,0.4587,0.19759,defect(medium),False,False,False,False,False,True
134,clean_0134.jpg,Pristine,clean_reference,0,0,0,0,0,0,100.0,ACCEPTABLE,100.0,ACCEPTABLE,0.2287,0.0033,0.0109,0.0005,0.2327,0.3896,0.09681,None,False,False,False,False,False,False
135,clean_0135.jpg,Pristine,clean_reference,0,0,0,0,0,0,100.0,ACCEPTABLE,100.0,ACCEPTABLE,0.0604,0.0068,0.022,0.0006,0.2022,0.395,0.13344,None,False,False,False,False,False,False
136,clean_0136.jpg,Pristine,clean_reference,0,0,0,0,0,0,100.0,ACCEPTABLE,70.6,DEGRADED,0.709,0.0279,0.0479,0.0039,0.2062,0.2233,0.02499,blur(high),True,False,False,False,False,False
137,clean_0137.jpg,Pristine,clean_reference,0,0,0,0,0,0,100.0,ACCEPTABLE,80.4,DEGRADED,0.0087,0.0108,0.0032,0.0113,0.0064,0.5823,0.10564,defect(low),False,False,False,False,False,True
138,clean_0138.jpg,Pristine,clean_reference,0,0,0,0,0,0,100.0,ACCEPTABLE,100.0,ACCEPTABLE,0.0011,0.0032,0.0048,0.0221,0.0034,0.5354,0.05487,None,False,False,False,False,False,False
139,clean_0139.jpg,Pristine,clean_reference,0,0,0,0,0,0,100.0,ACCEPTABLE,50.7,DEGRADED,0.0023,0.005,0.002,0.0002,0.0914,0.4985,0.25706,defect(high),False,False,False,False,False,True
140,clean_0140.jpg,Pristine,clean_reference,0,0,0,0,0,0,100.0,ACCEPTABLE,100.0,ACCEPTABLE,0.002,0.0004,0.1209,0.0024,0.0964,0.2235,0.1262,None,False,False,False,False,False,False
141,clean_0141.jpg,Pristine,clean_reference,0,0,0,0,0,0,100.0,ACCEPTABLE,100.0,ACCEPTABLE,0.0145,0.0008,0.0156,0.0293,0.0258,0.4724,0.07592,None,False,False,False,False,False,False
142,clean_0142.jpg,Pristine,clean_reference,0,0,0,0,0,0,100.0,ACCEPTABLE,100.0,ACCEPTABLE,0.0046,0.0554,0.002,0.002,0.0103,0.5387,0.05029,None,False,False,False,False,False,False
143,clean_0143.jpg,Pristine,clean_reference,0,0,0,0,0,0,100.0,ACCEPTABLE,100.0,ACCEPTABLE,0.2186,0.0021,0.05,0.028,0.066,0.3424,0.12813,None,False,False,False,False,False,False
144,clean_0144.jpg,Pristine,clean_reference,0,0,0,0,0,0,100.0,ACCEPTABLE,68.5,DEGRADED,0.0023,0.0069,0.0025,0.0032,0.0096,0.6679,0.08162,defect(medium),False,False,False,False,False,True
145,clean_0145.jpg,Pristine,clean_reference,0,0,0,0,0,0,100.0,ACCEPTABLE,68.5,DEGRADED,0.0036,0.0039,0.0043,0.0133,0.0083,0.6097,0.13459,defect(medium),False,False,False,False,False,True
146,clean_0146.jpg,Pristine,clean_reference,0,0,0,0,0,0,100.0,ACCEPTABLE,100.0,ACCEPTABLE,0.0227,0.1731,0.0025,0.0132,0.0049,0.4314,0.0591,None,False,False,False,False,False,False
147,clean_0147.jpg,Pristine,clean_reference,0,0,0,0,0,0,100.0,ACCEPTABLE,54.5,DEFECTIVE,0.0114,0.3243,0.0031,0.0014,0.0728,0.7196,0.08048,defect(high),False,False,False,False,False,True
148,clean_0148.jpg,Pristine,clean_reference,0,0,0,0,0,0,100.0,ACCEPTABLE,70.6,DEGRADED,0.7667,0.0065,0.0505,0.0011,0.1041,0.0365,0.09339,blur(high),True,False,False,False,False,False
149,clean_0149.jpg,Pristine,clean_reference,0,0,0,0,0,0,100.0,ACCEPTABLE,100.0,ACCEPTABLE,0.1188,0.0034,0.0389,0.0005,0.4714,0.2674,0.03487,None,False,False,False,False,False,False
150,clean_0150.jpg,Pristine,clean_reference,0,0,0,0,0,0,100.0,ACCEPTABLE,98.2,ACCEPTABLE,0.0219,0.0057,0.0263,0.0008,0.2119,0.3129,0.2128,None,False,False,False,False,False,False
151,clean_0151.jpg,Pristine,clean_reference,0,0,0,0,0,0,100.0,ACCEPTABLE,51.8,DEGRADED,0.0041,0.1549,0.0008,0.0004,0.0276,0.6619,0.23292,defect(high),False,False,False,False,False,True
152,clean_0152.jpg,Pristine,clean_reference,0,0,0,0,0,0,100.0,ACCEPTABLE,100.0,ACCEPTABLE,0.0026,0.0034,0.0072,0.0001,0.2893,0.3961,0.06661,None,False,False,False,False,False,False
153,clean_0153.jpg,Pristine,clean_reference,0,0,0,0,0,0,100.0,ACCEPTABLE,100.0,ACCEPTABLE,0.0082,0.0038,0.0139,0.0032,0.0391,0.6065,0.04971,None,False,False,False,False,False,False
154,clean_0154.jpg,Pristine,clean_reference,0,0,0,0,0,0,100.0,ACCEPTABLE,54.5,DEGRADED,0.0023,0.0011,0.009,0.0076,0.0106,0.6932,0.07913,defect(high),False,False,False,False,False,True
155,clean_0155.jpg,Pristine,clean_reference,0,0,0,0,0,0,100.0,ACCEPTABLE,100.0,ACCEPTABLE,0.0162,0.0006,0.0155,0.0003,0.1714,0.421,0.06319,None,False,False,False,False,False,False
156,clean_0156.jpg,Pristine,clean_reference,0,0,0,0,0,0,100.0,ACCEPTABLE,68.5,DEGRADED,0.0019,0.0017,0.0054,0.0037,0.0069,0.5879,0.10214,defect(medium),False,False,False,False,False,True
157,clean_0157.jpg,Pristine,clean_reference,0,0,0,0,0,0,100.0,ACCEPTABLE,54.5,DEGRADED,0.0417,0.4176,0.0065,0.0007,0.3184,0.6973,0.08409,defect(high),False,False,False,False,False,True
158,clean_0158.jpg,Pristine,clean_reference,0,0,0,0,0,0,100.0,ACCEPTABLE,54.5,DEGRADED,0.0025,0.0012,0.0061,0.0291,0.0058,0.6849,0.14684,defect(high),False,False,False,False,False,True
159,clean_0159.jpg,Pristine,clean_reference,0,0,0,0,0,0,100.0,ACCEPTABLE,39.8,DEFECTIVE,0.0055,0.0001,0.4398,0.0006,0.0942,0.1064,0.27992,overexposure(medium); defect(high),False,False,True,False,False,True
160,clean_0160.jpg,Pristine,clean_reference,0,0,0,0,0,0,100.0,ACCEPTABLE,100.0,ACCEPTABLE,0.0487,0.6956,0.0291,0.0041,0.321,0.3574,0.04214,None,False,False,False,False,False,False
161,clean_0161.jpg,Pristine,clean_reference,0,0,0,0,0,0,100.0,ACCEPTABLE,100.0,ACCEPTABLE,0.1161,0.003,0.0723,0.0022,0.1114,0.1639,0.03346,None,False,False,False,False,False,False
162,clean_0162.jpg,Pristine,clean_reference,0,0,0,0,0,0,100.0,ACCEPTABLE,100.0,ACCEPTABLE,0.0157,0.0007,0.0147,0.0004,0.0752,0.3671,0.05199,None,False,False,False,False,False,False
163,clean_0163.jpg,Pristine,clean_reference,0,0,0,0,0,0,100.0,ACCEPTABLE,88.8,ACCEPTABLE,0.0022,0.201,0.0023,0.4493,0.0005,0.5222,0.08782,noise(medium),False,False,False,True,False,False
164,clean_0164.jpg,Pristine,clean_reference,0,0,0,0,0,0,100.0,ACCEPTABLE,54.5,DEGRADED,0.0003,0.0121,0.0043,0.006,0.0057,0.6838,0.16447,defect(high),False,False,False,False,False,True
165,clean_0165.jpg,Pristine,clean_reference,0,0,0,0,0,0,100.0,ACCEPTABLE,100.0,ACCEPTABLE,0.1806,0.0031,0.0313,0.0018,0.0888,0.2261,0.09712,None,False,False,False,False,False,False
166,clean_0166.jpg,Pristine,clean_reference,0,0,0,0,0,0,100.0,ACCEPTABLE,100.0,ACCEPTABLE,0.018,0.2922,0.0003,0.0003,0.0172,0.29,0.1128,None,False,False,False,False,False,False
167,clean_0167.jpg,Pristine,clean_reference,0,0,0,0,0,0,100.0,ACCEPTABLE,100.0,ACCEPTABLE,0.0032,0.0014,0.0258,0.0491,0.0084,0.5341,0.07508,None,False,False,False,False,False,False
168,clean_0168.jpg,Pristine,clean_reference,0,0,0,0,0,0,100.0,ACCEPTABLE,98.2,ACCEPTABLE,0.0042,0.002,0.156,0.0002,0.4256,0.3687,0.21417,None,False,False,False,False,False,False
169,clean_0169.jpg,Pristine,clean_reference,0,0,0,0,0,0,100.0,ACCEPTABLE,100.0,ACCEPTABLE,0.002,0.0008,0.0058,0.002,0.0082,0.5321,0.06796,None,False,False,False,False,False,False
170,clean_0170.jpg,Pristine,clean_reference,0,0,0,0,0,0,100.0,ACCEPTABLE,68.5,DEGRADED,0.0155,0.009,0.0068,0.0003,0.2553,0.6295,0.06536,defect(medium),False,False,False,False,False,True
171,clean_0171.jpg,Pristine,clean_reference,0,0,0,0,0,0,100.0,ACCEPTABLE,44.0,DEFECTIVE,0.0005,0.1763,0.0006,0.0001,0.0856,0.7062,0.52055,defect(high),False,False,False,False,False,True
172,clean_0172.jpg,Pristine,clean_reference,0,0,0,0,0,0,100.0,ACCEPTABLE,100.0,ACCEPTABLE,0.1227,0.0025,0.0122,0.0004,0.2459,0.419,0.05085,None,False,False,False,False,False,False
173,clean_0173.jpg,Pristine,clean_reference,0,0,0,0,0,0,100.0,ACCEPTABLE,68.5,DEGRADED,0.0003,0.0056,0.0888,0.0251,0.0141,0.5887,0.17578,defect(medium),False,False,False,False,False,True
174,clean_0174.jpg,Pristine,clean_reference,0,0,0,0,0,0,100.0,ACCEPTABLE,100.0,ACCEPTABLE,0.039,0.0064,0.0088,0.0003,0.2924,0.5438,0.0542,None,False,False,False,False,False,False
175,clean_0175.jpg,Pristine,clean_reference,0,0,0,0,0,0,100.0,ACCEPTABLE,100.0,ACCEPTABLE,0.1064,0.0004,0.0173,0.0014,0.0436,0.2783,0.06806,None,False,False,False,False,False,False
176,clean_0176.jpg,Pristine,clean_reference,0,0,0,0,0,0,100.0,ACCEPTABLE,68.5,DEGRADED,0.0013,0.0006,0.0371,0.0096,0.0126,0.5604,0.11964,defect(medium),False,False,False,False,False,True
177,clean_0177.jpg,Pristine,clean_reference,0,0,0,0,0,0,100.0,ACCEPTABLE,100.0,ACCEPTABLE,0.0585,0.0019,0.026,0.0013,0.3224,0.4532,0.08463,None,False,False,False,False,False,False
178,clean_0178.jpg,Pristine,clean_reference,0,0,0,0,0,0,100.0,ACCEPTABLE,49.2,DEFECTIVE,0.0002,0.1315,0.001,0.0018,0.0086,0.7097,0.28925,defect(high),False,False,False,False,False,True
179,clean_0179.jpg,Pristine,clean_reference,0,0,0,0,0,0,100.0,ACCEPTABLE,68.5,DEGRADED,0.0044,0.0093,0.0083,0.0079,0.0146,0.6563,0.04505,defect(medium),False,False,False,False,False,True
180,clean_0180.jpg,Pristine,clean_reference,0,0,0,0,0,0,100.0,ACCEPTABLE,54.5,DEGRADED,0.0002,0.0315,0.0008,0.0016,0.0096,0.6683,0.13472,defect(high),False,False,False,False,False,True
181,clean_0181.jpg,Pristine,clean_reference,0,0,0,0,0,0,100.0,ACCEPTABLE,100.0,ACCEPTABLE,0.0037,0.0019,0.0242,0.1019,0.0046,0.5271,0.07264,None,False,False,False,False,False,False
182,clean_0182.jpg,Pristine,clean_reference,0,0,0,0,0,0,100.0,ACCEPTABLE,44.1,DEFECTIVE,0.0,0.1128,0.0001,0.0,0.025,0.8929,0.39892,defect(high),False,False,False,False,False,True
183,clean_0183.jpg,Pristine,clean_reference,0,0,0,0,0,0,100.0,ACCEPTABLE,48.9,DEGRADED,0.0604,0.0559,0.0035,0.0,0.8761,0.5365,0.14894,corruption(high); defect(medium),False,False,False,False,True,True
184,clean_0184.jpg,Pristine,clean_reference,0,0,0,0,0,0,100.0,ACCEPTABLE,95.8,ACCEPTABLE,0.016,0.0009,0.0097,0.255,0.0012,0.5365,0.08397,noise(low),False,False,False,True,False,False
185,clean_0185.jpg,Pristine,clean_reference,0,0,0,0,0,0,100.0,ACCEPTABLE,54.5,DEGRADED,0.0002,0.0028,0.0066,0.0108,0.0051,0.637,0.15809,defect(high),False,False,False,False,False,True
186,clean_0186.jpg,Pristine,clean_reference,0,0,0,0,0,0,100.0,ACCEPTABLE,68.5,DEGRADED,0.0011,0.005,0.0024,0.0008,0.0112,0.6106,0.07604,defect(medium),False,False,False,False,False,True
187,clean_0187.jpg,Pristine,clean_reference,0,0,0,0,0,0,100.0,ACCEPTABLE,100.0,ACCEPTABLE,0.0812,0.0021,0.0158,0.0003,0.4541,0.3866,0.03509,None,False,False,False,False,False,False
188,clean_0188.jpg,Pristine,clean_reference,0,0,0,0,0,0,100.0,ACCEPTABLE,100.0,ACCEPTABLE,0.0018,0.0001,0.224,0.0012,0.0548,0.1803,0.09142,None,False,False,False,False,False,False
189,clean_0189.jpg,Pristine,clean_reference,0,0,0,0,0,0,100.0,ACCEPTABLE,100.0,ACCEPTABLE,0.0274,0.0011,0.0127,0.0007,0.2052,0.513,0.09588,None,False,False,False,False,False,False
190,clean_0190.jpg,Pristine,clean_reference,0,0,0,0,0,0,100.0,ACCEPTABLE,100.0,ACCEPTABLE,0.007,0.0005,0.0224,0.0018,0.0566,0.1882,0.10545,None,False,False,False,False,False,False
191,clean_0191.jpg,Pristine,clean_reference,0,0,0,0,0,0,100.0,ACCEPTABLE,51.1,DEGRADED,0.0043,0.0049,0.0202,0.0018,0.0872,0.4449,0.24898,defect(high),False,False,False,False,False,True
192,clean_0192.jpg,Pristine,clean_reference,0,0,0,0,0,0,100.0,ACCEPTABLE,100.0,ACCEPTABLE,0.0391,0.0065,0.0156,0.0014,0.1208,0.5147,0.07377,None,False,False,False,False,False,False
193,clean_0193.jpg,Pristine,clean_reference,0,0,0,0,0,0,100.0,ACCEPTABLE,54.5,DEGRADED,0.0052,0.0028,0.0095,0.0019,0.049,0.6548,0.13764,defect(high),False,False,False,False,False,True
194,clean_0194.jpg,Pristine,clean_reference,0,0,0,0,0,0,100.0,ACCEPTABLE,100.0,ACCEPTABLE,0.2211,0.0191,0.0254,0.0022,0.1737,0.2628,0.03565,None,False,False,False,False,False,False
195,clean_0195.jpg,Pristine,clean_reference,0,0,0,0,0,0,100.0,ACCEPTABLE,100.0,ACCEPTABLE,0.0027,0.5154,0.0013,0.0134,0.003,0.4845,0.06649,None,False,False,False,False,False,False
196,clean_0196.jpg,Pristine,clean_reference,0,0,0,0,0,0,100.0,ACCEPTABLE,100.0,ACCEPTABLE,0.3443,0.0057,0.0243,0.0011,0.1403,0.2297,0.1069,None,False,False,False,False,False,False
197,clean_0197.jpg,Pristine,clean_reference,0,0,0,0,0,0,100.0,ACCEPTABLE,51.6,DEGRADED,0.1492,0.3181,0.0105,0.0034,0.2376,0.6098,0.23684,defect(high),False,False,False,False,False,True
198,clean_0198.jpg,Pristine,clean_reference,0,0,0,0,0,0,100.0,ACCEPTABLE,100.0,ACCEPTABLE,0.0795,0.0014,0.017,0.0009,0.109,0.4465,0.08376,None,False,False,False,False,False,False
199,clean_0199.jpg,Pristine,clean_reference,0,0,0,0,0,0,100.0,ACCEPTABLE,100.0,ACCEPTABLE,0.0017,0.0082,0.0096,0.0845,0.0028,0.4753,0.08928,None,False,False,False,False,False,False
200,clean_0200.jpg,Pristine,clean_reference,0,0,0,0,0,0,100.0,ACCEPTABLE,100.0,ACCEPTABLE,0.0959,0.0023,0.0771,0.0019,0.1163,0.1842,0.02808,None,False,False,False,False,False,False
201,blur_defocus_mild_0001.jpg,Blur,defocus_mild,1,0,0,0,0,0,82.0,ACCEPTABLE,70.6,DEGRADED,0.8963,0.007,0.0688,0.0013,0.2231,0.0324,0.10333,blur(high),True,False,False,False,False,False
202,blur_defocus_severe_0002.jpg,Blur,defocus_severe,1,0,0,0,0,0,68.0,DEGRADED,70.6,DEGRADED,0.6819,0.0019,0.0616,0.0006,0.2829,0.0871,0.03251,blur(high),True,False,False,False,False,False
203,blur_motion_0003.jpg,Blur,motion_blur,1,0,0,0,0,0,65.0,DEGRADED,100.0,ACCEPTABLE,0.1695,0.0003,0.0607,0.0004,0.1453,0.1568,0.08664,None,False,False,False,False,False,False
204,bokeh_portrait_0004.jpg,Blur,portrait_bokeh,0,0,0,0,0,0,95.0,ACCEPTABLE,93.0,ACCEPTABLE,0.3874,0.0009,0.0429,0.0006,0.1167,0.1346,0.04652,blur(low),True,False,False,False,False,False
205,blur_defocus_mild_0005.jpg,Blur,defocus_mild,1,0,0,0,0,0,82.0,ACCEPTABLE,70.6,DEGRADED,0.6994,0.0024,0.0345,0.001,0.2833,0.1772,0.04724,blur(high),True,False,False,False,False,False
206,blur_defocus_severe_0006.jpg,Blur,defocus_severe,1,0,0,0,0,0,68.0,DEGRADED,83.2,ACCEPTABLE,0.4835,0.0038,0.1301,0.0067,0.2465,0.2188,0.04414,blur(medium),True,False,False,False,False,False
207,blur_motion_0007.jpg,Blur,motion_blur,1,0,0,0,0,0,65.0,DEGRADED,100.0,ACCEPTABLE,0.2462,0.0016,0.0128,0.0001,0.2978,0.1056,0.07204,None,False,False,False,False,False,False
208,bokeh_portrait_0008.jpg,Blur,portrait_bokeh,0,0,0,0,0,0,95.0,ACCEPTABLE,70.6,DEGRADED,0.8226,0.0017,0.1075,0.002,0.2493,0.0648,0.04575,blur(high),True,False,False,False,False,False
209,blur_defocus_mild_0009.jpg,Blur,defocus_mild,1,0,0,0,0,0,82.0,ACCEPTABLE,83.2,ACCEPTABLE,0.5683,0.1136,0.003,0.0006,0.1347,0.1962,0.06945,blur(medium),True,False,False,False,False,False
210,blur_defocus_severe_0010.jpg,Blur,defocus_severe,1,0,0,0,0,0,68.0,DEGRADED,70.6,DEGRADED,0.9385,0.0021,0.0203,0.0008,0.0805,0.0574,0.07861,blur(high),True,False,False,False,False,False
211,blur_motion_0011.jpg,Blur,motion_blur,1,0,0,0,0,0,65.0,DEGRADED,100.0,ACCEPTABLE,0.1536,0.0009,0.1418,0.005,0.1093,0.2861,0.03886,None,False,False,False,False,False,False
212,bokeh_portrait_0012.jpg,Blur,portrait_bokeh,0,0,0,0,0,0,95.0,ACCEPTABLE,83.2,ACCEPTABLE,0.5242,0.207,0.009,0.0008,0.3205,0.2453,0.03434,blur(medium),True,False,False,False,False,False
213,blur_defocus_mild_0013.jpg,Blur,defocus_mild,1,0,0,0,0,0,82.0,ACCEPTABLE,70.6,DEGRADED,0.9122,0.0012,0.0177,0.0004,0.0833,0.0545,0.04681,blur(high),True,False,False,False,False,False
214,blur_defocus_severe_0014.jpg,Blur,defocus_severe,1,0,0,0,0,0,68.0,DEGRADED,83.2,ACCEPTABLE,0.5024,0.2116,0.0568,0.0076,0.1925,0.1786,0.01647,blur(medium),True,False,False,False,False,False
215,blur_motion_0015.jpg,Blur,motion_blur,1,0,0,0,0,0,65.0,DEGRADED,37.4,DEFECTIVE,0.5956,0.0025,0.2405,0.0051,0.3411,0.0624,0.28983,blur(medium); defect(high),True,False,False,False,False,True
216,bokeh_portrait_0016.jpg,Blur,portrait_bokeh,0,0,0,0,0,0,95.0,ACCEPTABLE,95.8,ACCEPTABLE,0.1683,0.0029,0.0266,0.0002,0.6045,0.2212,0.06392,corruption(low),False,False,False,False,True,False
217,blur_defocus_mild_0017.jpg,Blur,defocus_mild,1,0,0,0,0,0,82.0,ACCEPTABLE,93.0,ACCEPTABLE,0.4148,0.0018,0.239,0.0081,0.1498,0.1668,0.06893,blur(low),True,False,False,False,False,False
218,blur_defocus_severe_0018.jpg,Blur,defocus_severe,1,0,0,0,0,0,68.0,DEGRADED,70.6,DEGRADED,0.7614,0.0225,0.0228,0.0008,0.4003,0.1472,0.01709,blur(high),True,False,False,False,False,False
219,blur_motion_0019.jpg,Blur,motion_blur,1,0,0,0,0,0,65.0,DEGRADED,83.2,ACCEPTABLE,0.6609,0.0019,0.0073,0.0004,0.1068,0.1837,0.05239,blur(medium),True,False,False,False,False,False
220,bokeh_portrait_0020.jpg,Blur,portrait_bokeh,0,0,0,0,0,0,95.0,ACCEPTABLE,100.0,ACCEPTABLE,0.2372,0.0069,0.0113,0.0008,0.198,0.4975,0.04365,None,False,False,False,False,False,False
221,blur_defocus_mild_0021.jpg,Blur,defocus_mild,1,0,0,0,0,0,82.0,ACCEPTABLE,70.6,DEGRADED,0.8021,0.001,0.1288,0.0015,0.1499,0.0756,0.08023,blur(high),True,False,False,False,False,False
222,blur_defocus_severe_0022.jpg,Blur,defocus_severe,1,0,0,0,0,0,68.0,DEGRADED,70.6,DEGRADED,0.9322,0.0076,0.0153,0.0009,0.1088,0.0608,0.04863,blur(high),True,False,False,False,False,False
223,blur_motion_0023.jpg,Blur,motion_blur,1,0,0,0,0,0,65.0,DEGRADED,92.4,ACCEPTABLE,0.351,0.0018,0.0279,0.0015,0.105,0.2495,0.1884,blur(low),True,False,False,False,False,False
224,bokeh_portrait_0024.jpg,Blur,portrait_bokeh,0,0,0,0,0,0,95.0,ACCEPTABLE,68.5,DEGRADED,0.0259,0.01,0.0067,0.0004,0.1,0.6189,0.09488,defect(medium),False,False,False,False,False,True
225,blur_defocus_mild_0025.jpg,Blur,defocus_mild,1,0,0,0,0,0,82.0,ACCEPTABLE,70.6,DEGRADED,0.8623,0.0135,0.0794,0.0071,0.1223,0.0814,0.02728,blur(high),True,False,False,False,False,False
226,blur_defocus_severe_0026.jpg,Blur,defocus_severe,1,0,0,0,0,0,68.0,DEGRADED,100.0,ACCEPTABLE,0.2612,0.0013,0.1317,0.0028,0.2474,0.2016,0.12376,None,False,False,False,False,False,False
227,blur_motion_0027.jpg,Blur,motion_blur,1,0,0,0,0,0,65.0,DEGRADED,70.6,DEGRADED,0.8284,0.0005,0.018,0.0006,0.0741,0.0733,0.09963,blur(high),True,False,False,False,False,False
228,bokeh_portrait_0028.jpg,Blur,portrait_bokeh,0,0,0,0,0,0,95.0,ACCEPTABLE,68.5,DEGRADED,0.0045,0.0635,0.0065,0.001,0.1457,0.6643,0.08229,defect(medium),False,False,False,False,False,True
229,blur_defocus_mild_0029.jpg,Blur,defocus_mild,1,0,0,0,0,0,82.0,ACCEPTABLE,100.0,ACCEPTABLE,0.2467,0.0029,0.0146,0.0003,0.4475,0.3443,0.09695,None,False,False,False,False,False,False
230,blur_defocus_severe_0030.jpg,Blur,defocus_severe,1,0,0,0,0,0,68.0,DEGRADED,70.6,DEGRADED,0.9702,0.0025,0.0255,0.0006,0.132,0.022,0.0492,blur(high),True,False,False,False,False,False
231,blur_motion_0031.jpg,Blur,motion_blur,1,0,0,0,0,0,65.0,DEGRADED,83.2,ACCEPTABLE,0.6201,0.0913,0.0029,0.0026,0.0189,0.2299,0.05094,blur(medium),True,False,False,False,False,False
232,bokeh_portrait_0032.jpg,Blur,portrait_bokeh,0,0,0,0,0,0,95.0,ACCEPTABLE,70.6,DEGRADED,0.7891,0.0033,0.0262,0.0009,0.0622,0.0596,0.10077,blur(high),True,False,False,False,False,False
233,blur_defocus_mild_0033.jpg,Blur,defocus_mild,1,0,0,0,0,0,82.0,ACCEPTABLE,70.6,DEGRADED,0.9594,0.0004,0.0127,0.0003,0.0401,0.0111,0.05356,blur(high),True,False,False,False,False,False
234,blur_defocus_severe_0034.jpg,Blur,defocus_severe,1,0,0,0,0,0,68.0,DEGRADED,70.6,DEGRADED,0.8615,0.0043,0.0283,0.0025,0.1192,0.1397,0.07382,blur(high),True,False,False,False,False,False
235,blur_motion_0035.jpg,Blur,motion_blur,1,0,0,0,0,0,65.0,DEGRADED,100.0,ACCEPTABLE,0.0107,0.7098,0.008,0.001,0.2741,0.5342,0.04756,None,False,False,False,False,False,False
236,bokeh_portrait_0036.jpg,Blur,portrait_bokeh,0,0,0,0,0,0,95.0,ACCEPTABLE,68.5,DEGRADED,0.0134,0.79,0.0059,0.0011,0.1825,0.662,0.05224,defect(medium),False,False,False,False,False,True
237,blur_defocus_mild_0037.jpg,Blur,defocus_mild,1,0,0,0,0,0,82.0,ACCEPTABLE,70.6,DEGRADED,0.8077,0.0029,0.0254,0.0005,0.5074,0.1003,0.04652,blur(high),True,False,False,False,False,False
238,blur_defocus_severe_0038.jpg,Blur,defocus_severe,1,0,0,0,0,0,68.0,DEGRADED,70.6,DEGRADED,0.8261,0.0065,0.0321,0.0008,0.2285,0.0866,0.04148,blur(high),True,False,False,False,False,False
239,blur_motion_0039.jpg,Blur,motion_blur,1,0,0,0,0,0,65.0,DEGRADED,83.2,ACCEPTABLE,0.5665,0.077,0.0027,0.001,0.0549,0.2873,0.10039,blur(medium),True,False,False,False,False,False
240,bokeh_portrait_0040.jpg,Blur,portrait_bokeh,0,0,0,0,0,0,95.0,ACCEPTABLE,100.0,ACCEPTABLE,0.1652,0.3844,0.0257,0.0058,0.2182,0.4508,0.05082,None,False,False,False,False,False,False
241,blur_defocus_mild_0041.jpg,Blur,defocus_mild,1,0,0,0,0,0,82.0,ACCEPTABLE,83.2,ACCEPTABLE,0.6472,0.0012,0.0665,0.002,0.1957,0.1477,0.10328,blur(medium),True,False,False,False,False,False
242,blur_defocus_severe_0042.jpg,Blur,defocus_severe,1,0,0,0,0,0,68.0,DEGRADED,70.6,DEGRADED,0.9247,0.0124,0.0177,0.0014,0.1312,0.0818,0.04452,blur(high),True,False,False,False,False,False
243,blur_motion_0043.jpg,Blur,motion_blur,1,0,0,0,0,0,65.0,DEGRADED,100.0,ACCEPTABLE,0.3314,0.0347,0.0418,0.0175,0.2186,0.44,0.03202,None,False,False,False,False,False,False
244,bokeh_portrait_0044.jpg,Blur,portrait_bokeh,0,0,0,0,0,0,95.0,ACCEPTABLE,68.5,DEGRADED,0.0209,0.0204,0.01,0.0042,0.0518,0.6648,0.03369,defect(medium),False,False,False,False,False,True
245,blur_defocus_mild_0045.jpg,Blur,defocus_mild,1,0,0,0,0,0,82.0,ACCEPTABLE,70.6,DEGRADED,0.9555,0.0073,0.0055,0.0007,0.0355,0.0347,0.06017,blur(high),True,False,False,False,False,False
246,blur_defocus_severe_0046.jpg,Blur,defocus_severe,1,0,0,0,0,0,68.0,DEGRADED,70.6,DEGRADED,0.8833,0.0047,0.0293,0.0013,0.0925,0.0641,0.03375,blur(high),True,False,False,False,False,False
247,blur_motion_0047.jpg,Blur,motion_blur,1,0,0,0,0,0,65.0,DEGRADED,70.6,DEGRADED,0.786,0.0096,0.0337,0.0006,0.2266,0.0599,0.0369,blur(high),True,False,False,False,False,False
248,bokeh_portrait_0048.jpg,Blur,portrait_bokeh,0,0,0,0,0,0,95.0,ACCEPTABLE,70.6,DEGRADED,0.809,0.0043,0.0802,0.0015,0.0967,0.03,0.02572,blur(high),True,False,False,False,False,False
249,blur_defocus_mild_0049.jpg,Blur,defocus_mild,1,0,0,0,0,0,82.0,ACCEPTABLE,70.6,DEGRADED,0.9308,0.0096,0.0041,0.0003,0.0948,0.0687,0.09837,blur(high),True,False,False,False,False,False
250,blur_defocus_severe_0050.jpg,Blur,defocus_severe,1,0,0,0,0,0,68.0,DEGRADED,70.6,DEGRADED,0.8577,0.0031,0.0634,0.0007,0.1914,0.0268,0.03581,blur(high),True,False,False,False,False,False
251,blur_motion_0051.jpg,Blur,motion_blur,1,0,0,0,0,0,65.0,DEGRADED,87.4,ACCEPTABLE,0.1967,0.0021,0.0203,0.0001,0.6273,0.1878,0.09733,corruption(medium),False,False,False,False,True,False
252,bokeh_portrait_0052.jpg,Blur,portrait_bokeh,0,0,0,0,0,0,95.0,ACCEPTABLE,100.0,ACCEPTABLE,0.3111,0.0009,0.3193,0.0088,0.0993,0.1375,0.04788,None,False,False,False,False,False,False
253,blur_defocus_mild_0053.jpg,Blur,defocus_mild,1,0,0,0,0,0,82.0,ACCEPTABLE,93.0,ACCEPTABLE,0.427,0.0143,0.0198,0.0061,0.2017,0.4074,0.04838,blur(low),True,False,False,False,False,False
254,blur_defocus_severe_0054.jpg,Blur,defocus_severe,1,0,0,0,0,0,68.0,DEGRADED,70.6,DEGRADED,0.8225,0.001,0.2467,0.001,0.1889,0.0288,0.06297,blur(high),True,False,False,False,False,False
255,blur_motion_0055.jpg,Blur,motion_blur,1,0,0,0,0,0,65.0,DEGRADED,80.3,ACCEPTABLE,0.4987,0.0013,0.0206,0.0001,0.5201,0.1246,0.07632,blur(medium); corruption(low),True,False,False,False,True,False
256,bokeh_portrait_0056.jpg,Blur,portrait_bokeh,0,0,0,0,0,0,95.0,ACCEPTABLE,93.0,ACCEPTABLE,0.4288,0.0059,0.1188,0.0039,0.1887,0.2296,0.04668,blur(low),True,False,False,False,False,False
257,blur_defocus_mild_0057.jpg,Blur,defocus_mild,1,0,0,0,0,0,82.0,ACCEPTABLE,65.7,DEGRADED,0.4103,0.0007,0.7708,0.0006,0.3019,0.0237,0.11348,blur(low); overexposure(high),True,False,True,False,False,False
258,blur_defocus_severe_0058.jpg,Blur,defocus_severe,1,0,0,0,0,0,68.0,DEGRADED,70.6,DEGRADED,0.7684,0.0062,0.1489,0.0037,0.1657,0.0538,0.02119,blur(high),True,False,False,False,False,False
259,blur_motion_0059.jpg,Blur,motion_blur,1,0,0,0,0,0,65.0,DEGRADED,81.5,ACCEPTABLE,0.4938,0.0029,0.0665,0.003,0.1725,0.1976,0.21177,blur(medium),True,False,False,False,False,False
260,bokeh_portrait_0060.jpg,Blur,portrait_bokeh,0,0,0,0,0,0,95.0,ACCEPTABLE,100.0,ACCEPTABLE,0.0736,0.0093,0.0628,0.0038,0.1175,0.5112,0.06191,None,False,False,False,False,False,False
261,blur_defocus_mild_0061.jpg,Blur,defocus_mild,1,0,0,0,0,0,82.0,ACCEPTABLE,70.6,DEGRADED,0.8208,0.0008,0.0306,0.0005,0.155,0.0638,0.07941,blur(high),True,False,False,False,False,False
262,blur_defocus_severe_0062.jpg,Blur,defocus_severe,1,0,0,0,0,0,68.0,DEGRADED,70.6,DEGRADED,0.8209,0.0034,0.0952,0.0032,0.1384,0.1019,0.0396,blur(high),True,False,False,False,False,False
263,blur_motion_0063.jpg,Blur,motion_blur,1,0,0,0,0,0,65.0,DEGRADED,70.6,DEGRADED,0.7784,0.0031,0.1042,0.0011,0.1557,0.0322,0.02105,blur(high),True,False,False,False,False,False
264,bokeh_portrait_0064.jpg,Blur,portrait_bokeh,0,0,0,0,0,0,95.0,ACCEPTABLE,54.5,DEFECTIVE,0.0026,0.0277,0.0041,0.0006,0.0633,0.7393,0.05385,defect(high),False,False,False,False,False,True
265,blur_defocus_mild_0065.jpg,Blur,defocus_mild,1,0,0,0,0,0,82.0,ACCEPTABLE,100.0,ACCEPTABLE,0.1378,0.557,0.0097,0.0042,0.207,0.5603,0.03873,None,False,False,False,False,False,False
266,blur_defocus_severe_0066.jpg,Blur,defocus_severe,1,0,0,0,0,0,68.0,DEGRADED,86.0,ACCEPTABLE,0.1028,0.8776,0.0068,0.0014,0.1646,0.2331,0.14253,underexposure(medium),False,True,False,False,False,False
267,blur_motion_0067.jpg,Blur,motion_blur,1,0,0,0,0,0,65.0,DEGRADED,70.6,DEGRADED,0.8154,0.0022,0.0411,0.0014,0.101,0.0709,0.03236,blur(high),True,False,False,False,False,False
268,bokeh_portrait_0068.jpg,Blur,portrait_bokeh,0,0,0,0,0,0,95.0,ACCEPTABLE,67.7,DEGRADED,0.7901,0.0022,0.0402,0.0001,0.5387,0.0393,0.02902,blur(high); corruption(low),True,False,False,False,True,False
269,blur_defocus_mild_0069.jpg,Blur,defocus_mild,1,0,0,0,0,0,82.0,ACCEPTABLE,70.6,DEGRADED,0.0402,0.9615,0.0045,0.0035,0.0562,0.3582,0.01444,underexposure(high),False,True,False,False,False,False
270,blur_defocus_severe_0070.jpg,Blur,defocus_severe,1,0,0,0,0,0,68.0,DEGRADED,70.6,DEGRADED,0.7702,0.0149,0.0909,0.0051,0.1451,0.1626,0.0139,blur(high),True,False,False,False,False,False
271,blur_motion_0071.jpg,Blur,motion_blur,1,0,0,0,0,0,65.0,DEGRADED,100.0,ACCEPTABLE,0.091,0.5701,0.0168,0.0002,0.5103,0.0839,0.06652,None,False,False,False,False,False,False
272,bokeh_portrait_0072.jpg,Blur,portrait_bokeh,0,0,0,0,0,0,95.0,ACCEPTABLE,83.2,ACCEPTABLE,0.5993,0.2,0.0097,0.0011,0.1703,0.1221,0.05026,blur(medium),True,False,False,False,False,False
273,blur_defocus_mild_0073.jpg,Blur,defocus_mild,1,0,0,0,0,0,82.0,ACCEPTABLE,70.6,DEGRADED,0.8934,0.0145,0.0763,0.0026,0.2274,0.0375,0.04563,blur(high),True,False,False,False,False,False
274,blur_defocus_severe_0074.jpg,Blur,defocus_severe,1,0,0,0,0,0,68.0,DEGRADED,70.6,DEGRADED,0.8609,0.0046,0.0731,0.001,0.2052,0.0323,0.03523,blur(high),True,False,False,False,False,False
275,blur_motion_0075.jpg,Blur,motion_blur,1,0,0,0,0,0,65.0,DEGRADED,70.6,DEGRADED,0.9742,0.0007,0.0058,0.0003,0.0282,0.0218,0.04028,blur(high),True,False,False,False,False,False
276,bokeh_portrait_0076.jpg,Blur,portrait_bokeh,0,0,0,0,0,0,95.0,ACCEPTABLE,100.0,ACCEPTABLE,0.0733,0.0112,0.0717,0.0032,0.2389,0.3634,0.06969,None,False,False,False,False,False,False
277,blur_defocus_mild_0077.jpg,Blur,defocus_mild,1,0,0,0,0,0,82.0,ACCEPTABLE,83.2,ACCEPTABLE,0.5587,0.1266,0.0176,0.0031,0.1368,0.1913,0.02729,blur(medium),True,False,False,False,False,False
278,blur_defocus_severe_0078.jpg,Blur,defocus_severe,1,0,0,0,0,0,68.0,DEGRADED,70.6,DEGRADED,0.8352,0.0021,0.1209,0.0005,0.2156,0.0134,0.07191,blur(high),True,False,False,False,False,False
279,blur_motion_0079.jpg,Blur,motion_blur,1,0,0,0,0,0,65.0,DEGRADED,83.2,ACCEPTABLE,0.6057,0.0006,0.3134,0.0004,0.1953,0.0143,0.06589,blur(medium),True,False,False,False,False,False
280,bokeh_portrait_0080.jpg,Blur,portrait_bokeh,0,0,0,0,0,0,95.0,ACCEPTABLE,83.2,ACCEPTABLE,0.5592,0.013,0.0224,0.0002,0.5099,0.0658,0.0339,blur(medium),True,False,False,False,False,False
281,blur_defocus_mild_0081.jpg,Blur,defocus_mild,1,0,0,0,0,0,82.0,ACCEPTABLE,70.6,DEGRADED,0.9044,0.0015,0.0396,0.0014,0.1118,0.0589,0.06718,blur(high),True,False,False,False,False,False
282,blur_defocus_severe_0082.jpg,Blur,defocus_severe,1,0,0,0,0,0,68.0,DEGRADED,83.2,ACCEPTABLE,0.5614,0.0059,0.0612,0.0036,0.3059,0.2654,0.03288,blur(medium),True,False,False,False,False,False
283,blur_motion_0083.jpg,Blur,motion_blur,1,0,0,0,0,0,65.0,DEGRADED,83.2,ACCEPTABLE,0.5269,0.0009,0.0174,0.0004,0.1031,0.1034,0.06856,blur(medium),True,False,False,False,False,False
284,bokeh_portrait_0084.jpg,Blur,portrait_bokeh,0,0,0,0,0,0,95.0,ACCEPTABLE,70.6,DEGRADED,0.8787,0.0353,0.0252,0.0011,0.1178,0.0273,0.02195,blur(high),True,False,False,False,False,False
285,blur_defocus_mild_0085.jpg,Blur,defocus_mild,1,0,0,0,0,0,82.0,ACCEPTABLE,70.6,DEGRADED,0.9297,0.0059,0.0557,0.0026,0.1037,0.0457,0.05017,blur(high),True,False,False,False,False,False
286,blur_defocus_severe_0086.jpg,Blur,defocus_severe,1,0,0,0,0,0,68.0,DEGRADED,83.2,ACCEPTABLE,0.6569,0.1157,0.0825,0.0029,0.3302,0.0729,0.02525,blur(medium),True,False,False,False,False,False
287,blur_motion_0087.jpg,Blur,motion_blur,1,0,0,0,0,0,65.0,DEGRADED,70.6,DEGRADED,0.8628,0.0328,0.0364,0.004,0.1257,0.0856,0.05236,blur(high),True,False,False,False,False,False
288,bokeh_portrait_0088.jpg,Blur,portrait_bokeh,0,0,0,0,0,0,95.0,ACCEPTABLE,68.5,DEGRADED,0.0049,0.0024,0.0085,0.0007,0.0854,0.6722,0.07595,defect(medium),False,False,False,False,False,True
289,blur_defocus_mild_0089.jpg,Blur,defocus_mild,1,0,0,0,0,0,82.0,ACCEPTABLE,70.6,DEGRADED,0.8757,0.0034,0.0538,0.0002,0.2984,0.0167,0.02733,blur(high),True,False,False,False,False,False
290,blur_defocus_severe_0090.jpg,Blur,defocus_severe,1,0,0,0,0,0,68.0,DEGRADED,70.6,DEGRADED,0.944,0.0014,0.0362,0.0003,0.1248,0.0154,0.04768,blur(high),True,False,False,False,False,False
291,blur_motion_0091.jpg,Blur,motion_blur,1,0,0,0,0,0,65.0,DEGRADED,82.5,ACCEPTABLE,0.397,0.0008,0.0029,0.0,0.6251,0.0719,0.08956,blur(low); corruption(medium),True,False,False,False,True,False
292,bokeh_portrait_0092.jpg,Blur,portrait_bokeh,0,0,0,0,0,0,95.0,ACCEPTABLE,54.5,DEFECTIVE,0.0165,0.0168,0.0061,0.0008,0.0954,0.7188,0.08888,defect(high),False,False,False,False,False,True
293,blur_defocus_mild_0093.jpg,Blur,defocus_mild,1,0,0,0,0,0,82.0,ACCEPTABLE,70.6,DEGRADED,0.9029,0.0259,0.0199,0.0027,0.058,0.0613,0.06996,blur(high),True,False,False,False,False,False
294,blur_defocus_severe_0094.jpg,Blur,defocus_severe,1,0,0,0,0,0,68.0,DEGRADED,70.6,DEGRADED,0.885,0.0022,0.0629,0.0011,0.0967,0.0296,0.07563,blur(high),True,False,False,False,False,False
295,blur_motion_0095.jpg,Blur,motion_blur,1,0,0,0,0,0,65.0,DEGRADED,90.1,ACCEPTABLE,0.4782,0.0027,0.0022,0.0,0.5214,0.1048,0.08866,blur(low); corruption(low),True,False,False,False,True,False
296,bokeh_portrait_0096.jpg,Blur,portrait_bokeh,0,0,0,0,0,0,95.0,ACCEPTABLE,100.0,ACCEPTABLE,0.0377,0.7901,0.0215,0.0007,0.3397,0.1378,0.08178,None,False,False,False,False,False,False
297,blur_defocus_mild_0097.jpg,Blur,defocus_mild,1,0,0,0,0,0,82.0,ACCEPTABLE,23.9,DEFECTIVE,0.758,0.1676,0.0149,0.0062,0.0438,0.1748,0.39167,blur(high); defect(high),True,False,False,False,False,True
298,blur_defocus_severe_0098.jpg,Blur,defocus_severe,1,0,0,0,0,0,68.0,DEGRADED,70.6,DEGRADED,0.962,0.0034,0.0146,0.0001,0.353,0.0177,0.04808,blur(high),True,False,False,False,False,False
299,blur_motion_0099.jpg,Blur,motion_blur,1,0,0,0,0,0,65.0,DEGRADED,70.6,DEGRADED,0.886,0.0049,0.0575,0.0014,0.1773,0.0433,0.06133,blur(high),True,False,False,False,False,False
300,bokeh_portrait_0100.jpg,Blur,portrait_bokeh,0,0,0,0,0,0,95.0,ACCEPTABLE,70.6,DEGRADED,0.7416,0.0048,0.0754,0.0007,0.2718,0.0443,0.02479,blur(high),True,False,False,False,False,False
301,blur_defocus_mild_0101.jpg,Blur,defocus_mild,1,0,0,0,0,0,82.0,ACCEPTABLE,61.8,DEGRADED,0.8237,0.0018,0.022,0.0001,0.6306,0.0442,0.07465,blur(high); corruption(medium),True,False,False,False,True,False
302,blur_defocus_severe_0102.jpg,Blur,defocus_severe,1,0,0,0,0,0,68.0,DEGRADED,70.6,DEGRADED,0.9537,0.0057,0.0198,0.0004,0.3391,0.0292,0.0309,blur(high),True,False,False,False,False,False
303,blur_motion_0103.jpg,Blur,motion_blur,1,0,0,0,0,0,65.0,DEGRADED,80.3,ACCEPTABLE,0.525,0.0009,0.0682,0.0001,0.5387,0.0587,0.11365,blur(medium); corruption(low),True,False,False,False,True,False
304,bokeh_portrait_0104.jpg,Blur,portrait_bokeh,0,0,0,0,0,0,95.0,ACCEPTABLE,83.2,ACCEPTABLE,0.5975,0.0118,0.0234,0.0014,0.2612,0.2744,0.08076,blur(medium),True,False,False,False,False,False
305,blur_defocus_mild_0105.jpg,Blur,defocus_mild,1,0,0,0,0,0,82.0,ACCEPTABLE,70.6,DEGRADED,0.9045,0.0077,0.057,0.0013,0.2059,0.0344,0.11921,blur(high),True,False,False,False,False,False
306,blur_defocus_severe_0106.jpg,Blur,defocus_severe,1,0,0,0,0,0,68.0,DEGRADED,70.6,DEGRADED,0.8113,0.0241,0.0486,0.0043,0.1839,0.172,0.0162,blur(high),True,False,False,False,False,False
307,blur_motion_0107.jpg,Blur,motion_blur,1,0,0,0,0,0,65.0,DEGRADED,70.6,DEGRADED,0.9311,0.0022,0.0234,0.0024,0.055,0.0673,0.05817,blur(high),True,False,False,False,False,False
308,bokeh_portrait_0108.jpg,Blur,portrait_bokeh,0,0,0,0,0,0,95.0,ACCEPTABLE,100.0,ACCEPTABLE,0.1014,0.0135,0.0323,0.0051,0.1851,0.3826,0.03539,None,False,False,False,False,False,False
309,blur_defocus_mild_0109.jpg,Blur,defocus_mild,1,0,0,0,0,0,82.0,ACCEPTABLE,70.6,DEGRADED,0.8632,0.0035,0.0053,0.0002,0.2061,0.0648,0.1474,blur(high),True,False,False,False,False,False
310,blur_defocus_severe_0110.jpg,Blur,defocus_severe,1,0,0,0,0,0,68.0,DEGRADED,70.6,DEGRADED,0.7785,0.0018,0.0522,0.0018,0.1897,0.136,0.04574,blur(high),True,False,False,False,False,False
311,blur_motion_0111.jpg,Blur,motion_blur,1,0,0,0,0,0,65.0,DEGRADED,93.0,ACCEPTABLE,0.3959,0.0004,0.1231,0.014,0.1071,0.1129,0.06836,blur(low),True,False,False,False,False,False
312,bokeh_portrait_0112.jpg,Blur,portrait_bokeh,0,0,0,0,0,0,95.0,ACCEPTABLE,100.0,ACCEPTABLE,0.0667,0.2713,0.0075,0.0062,0.0326,0.5761,0.03076,None,False,False,False,False,False,False
313,blur_defocus_mild_0113.jpg,Blur,defocus_mild,1,0,0,0,0,0,82.0,ACCEPTABLE,70.6,DEGRADED,0.7626,0.0015,0.1105,0.0113,0.118,0.1139,0.10224,blur(high),True,False,False,False,False,False
314,blur_defocus_severe_0114.jpg,Blur,defocus_severe,1,0,0,0,0,0,68.0,DEGRADED,70.6,DEGRADED,0.8549,0.0107,0.0331,0.0015,0.2495,0.1301,0.02383,blur(high),True,False,False,False,False,False
315,blur_motion_0115.jpg,Blur,motion_blur,1,0,0,0,0,0,65.0,DEGRADED,70.6,DEGRADED,0.8096,0.0017,0.0561,0.0057,0.0922,0.1143,0.0628,blur(high),True,False,False,False,False,False
316,bokeh_portrait_0116.jpg,Blur,portrait_bokeh,0,0,0,0,0,0,95.0,ACCEPTABLE,100.0,ACCEPTABLE,0.2982,0.1846,0.0258,0.0078,0.0469,0.1462,0.03651,None,False,False,False,False,False,False
317,blur_defocus_mild_0117.jpg,Blur,defocus_mild,1,0,0,0,0,0,82.0,ACCEPTABLE,70.6,DEGRADED,0.8375,0.0489,0.0114,0.0004,0.3626,0.0815,0.04717,blur(high),True,False,False,False,False,False
318,blur_defocus_severe_0118.jpg,Blur,defocus_severe,1,0,0,0,0,0,68.0,DEGRADED,70.6,DEGRADED,0.8861,0.006,0.0495,0.0006,0.1628,0.0204,0.08395,blur(high),True,False,False,False,False,False
319,blur_motion_0119.jpg,Blur,motion_blur,1,0,0,0,0,0,65.0,DEGRADED,83.2,ACCEPTABLE,0.5171,0.0056,0.0553,0.0008,0.5069,0.1505,0.02047,blur(medium),True,False,False,False,False,False
320,bokeh_portrait_0120.jpg,Blur,portrait_bokeh,0,0,0,0,0,0,95.0,ACCEPTABLE,80.4,DEGRADED,0.0218,0.0126,0.016,0.0005,0.3508,0.556,0.10084,defect(low),False,False,False,False,False,True
321,blur_defocus_mild_0121.jpg,Blur,defocus_mild,1,0,0,0,0,0,82.0,ACCEPTABLE,70.6,DEGRADED,0.6802,0.242,0.001,0.0003,0.0664,0.1408,0.14925,blur(high),True,False,False,False,False,False
322,blur_defocus_severe_0122.jpg,Blur,defocus_severe,1,0,0,0,0,0,68.0,DEGRADED,93.0,ACCEPTABLE,0.4411,0.026,0.0223,0.0015,0.4346,0.3626,0.0213,blur(low),True,False,False,False,False,False
323,blur_motion_0123.jpg,Blur,motion_blur,1,0,0,0,0,0,65.0,DEGRADED,70.6,DEGRADED,0.6858,0.0044,0.0605,0.0017,0.1497,0.106,0.02204,blur(high),True,False,False,False,False,False
324,bokeh_portrait_0124.jpg,Blur,portrait_bokeh,0,0,0,0,0,0,95.0,ACCEPTABLE,100.0,ACCEPTABLE,0.0424,0.006,0.0151,0.0021,0.0796,0.5906,0.03532,None,False,False,False,False,False,False
325,blur_defocus_mild_0125.jpg,Blur,defocus_mild,1,0,0,0,0,0,82.0,ACCEPTABLE,70.6,DEGRADED,0.7015,0.0011,0.0314,0.0004,0.2581,0.1271,0.04316,blur(high),True,False,False,False,False,False
326,blur_defocus_severe_0126.jpg,Blur,defocus_severe,1,0,0,0,0,0,68.0,DEGRADED,70.6,DEGRADED,0.9864,0.0005,0.0113,0.0,0.2319,0.0075,0.04256,blur(high),True,False,False,False,False,False
327,blur_motion_0127.jpg,Blur,motion_blur,1,0,0,0,0,0,65.0,DEGRADED,100.0,ACCEPTABLE,0.1653,0.4975,0.0078,0.0011,0.3421,0.571,0.05506,None,False,False,False,False,False,False
328,bokeh_portrait_0128.jpg,Blur,portrait_bokeh,0,0,0,0,0,0,95.0,ACCEPTABLE,68.5,DEGRADED,0.0461,0.0063,0.0301,0.0057,0.1714,0.6146,0.07376,defect(medium),False,False,False,False,False,True
329,blur_defocus_mild_0129.jpg,Blur,defocus_mild,1,0,0,0,0,0,82.0,ACCEPTABLE,70.6,DEGRADED,0.8704,0.0002,0.0423,0.0003,0.0669,0.0279,0.1336,blur(high),True,False,False,False,False,False
330,blur_defocus_severe_0130.jpg,Blur,defocus_severe,1,0,0,0,0,0,68.0,DEGRADED,74.4,DEGRADED,0.593,0.2285,0.0407,0.0007,0.6225,0.1093,0.04441,blur(medium); corruption(medium),True,False,False,False,True,False
331,blur_motion_0131.jpg,Blur,motion_blur,1,0,0,0,0,0,65.0,DEGRADED,83.2,ACCEPTABLE,0.5552,0.0042,0.1264,0.0011,0.2354,0.0504,0.03265,blur(medium),True,False,False,False,False,False
332,bokeh_portrait_0132.jpg,Blur,portrait_bokeh,0,0,0,0,0,0,95.0,ACCEPTABLE,70.6,DEGRADED,0.7046,0.0029,0.0882,0.001,0.1987,0.0473,0.02726,blur(high),True,False,False,False,False,False
333,blur_defocus_mild_0133.jpg,Blur,defocus_mild,1,0,0,0,0,0,82.0,ACCEPTABLE,83.2,ACCEPTABLE,0.6453,0.2139,0.0021,0.002,0.0286,0.1914,0.0372,blur(medium),True,False,False,False,False,False
334,blur_defocus_severe_0134.jpg,Blur,defocus_severe,1,0,0,0,0,0,68.0,DEGRADED,70.6,DEGRADED,0.8466,0.0115,0.0287,0.0018,0.1298,0.0999,0.0375,blur(high),True,False,False,False,False,False
335,blur_motion_0135.jpg,Blur,motion_blur,1,0,0,0,0,0,65.0,DEGRADED,70.6,DEGRADED,0.8603,0.0071,0.0906,0.0013,0.2123,0.0254,0.0637,blur(high),True,False,False,False,False,False
336,bokeh_portrait_0136.jpg,Blur,portrait_bokeh,0,0,0,0,0,0,95.0,ACCEPTABLE,100.0,ACCEPTABLE,0.0464,0.7493,0.0038,0.001,0.1136,0.3685,0.04877,None,False,False,False,False,False,False
337,blur_defocus_mild_0137.jpg,Blur,defocus_mild,1,0,0,0,0,0,82.0,ACCEPTABLE,70.6,DEGRADED,0.8533,0.0024,0.0285,0.0009,0.1587,0.122,0.0402,blur(high),True,False,False,False,False,False
338,blur_defocus_severe_0138.jpg,Blur,defocus_severe,1,0,0,0,0,0,68.0,DEGRADED,70.6,DEGRADED,0.9388,0.0017,0.0574,0.0006,0.1378,0.0286,0.0666,blur(high),True,False,False,False,False,False
339,blur_motion_0139.jpg,Blur,motion_blur,1,0,0,0,0,0,65.0,DEGRADED,70.6,DEGRADED,0.7953,0.0011,0.0193,0.0005,0.0598,0.0401,0.04023,blur(high),True,False,False,False,False,False
340,bokeh_portrait_0140.jpg,Blur,portrait_bokeh,0,0,0,0,0,0,95.0,ACCEPTABLE,83.2,ACCEPTABLE,0.5299,0.0181,0.0215,0.0008,0.4041,0.2486,0.02636,blur(medium),True,False,False,False,False,False
341,blur_defocus_mild_0141.jpg,Blur,defocus_mild,1,0,0,0,0,0,82.0,ACCEPTABLE,27.2,DEFECTIVE,0.756,0.0777,0.0046,0.0002,0.3382,0.1067,0.31874,blur(high); defect(high),True,False,False,False,False,True
342,blur_defocus_severe_0142.jpg,Blur,defocus_severe,1,0,0,0,0,0,68.0,DEGRADED,70.6,DEGRADED,0.9328,0.0026,0.0434,0.0004,0.2709,0.0195,0.04701,blur(high),True,False,False,False,False,False
343,blur_motion_0143.jpg,Blur,motion_blur,1,0,0,0,0,0,65.0,DEGRADED,83.1,ACCEPTABLE,0.1295,0.0007,0.5398,0.0001,0.5756,0.0506,0.06676,overexposure(medium); corruption(low),False,False,True,False,True,False
344,bokeh_portrait_0144.jpg,Blur,portrait_bokeh,0,0,0,0,0,0,95.0,ACCEPTABLE,93.0,ACCEPTABLE,0.4315,0.0111,0.0196,0.0004,0.4037,0.2125,0.03878,blur(low),True,False,False,False,False,False
345,blur_defocus_mild_0145.jpg,Blur,defocus_mild,1,0,0,0,0,0,82.0,ACCEPTABLE,70.6,DEGRADED,0.7945,0.0016,0.0407,0.0005,0.2702,0.0776,0.05322,blur(high),True,False,False,False,False,False
346,blur_defocus_severe_0146.jpg,Blur,defocus_severe,1,0,0,0,0,0,68.0,DEGRADED,70.6,DEGRADED,0.8909,0.0014,0.0786,0.0004,0.2726,0.0197,0.06053,blur(high),True,False,False,False,False,False
347,blur_motion_0147.jpg,Blur,motion_blur,1,0,0,0,0,0,65.0,DEGRADED,100.0,ACCEPTABLE,0.2839,0.0025,0.0318,0.0011,0.4142,0.3,0.06105,None,False,False,False,False,False,False
348,bokeh_portrait_0148.jpg,Blur,portrait_bokeh,0,0,0,0,0,0,95.0,ACCEPTABLE,100.0,ACCEPTABLE,0.0699,0.4999,0.0358,0.0032,0.3705,0.3795,0.06015,None,False,False,False,False,False,False
349,blur_defocus_mild_0149.jpg,Blur,defocus_mild,1,0,0,0,0,0,82.0,ACCEPTABLE,83.2,ACCEPTABLE,0.5965,0.0193,0.0386,0.0025,0.2667,0.2915,0.0231,blur(medium),True,False,False,False,False,False
350,blur_defocus_severe_0150.jpg,Blur,defocus_severe,1,0,0,0,0,0,68.0,DEGRADED,100.0,ACCEPTABLE,0.2686,0.1606,0.0101,0.0073,0.106,0.5755,0.03792,None,False,False,False,False,False,False
351,blur_motion_0151.jpg,Blur,motion_blur,1,0,0,0,0,0,65.0,DEGRADED,93.0,ACCEPTABLE,0.4326,0.0011,0.1308,0.006,0.127,0.1707,0.03767,blur(low),True,False,False,False,False,False
352,bokeh_portrait_0152.jpg,Blur,portrait_bokeh,0,0,0,0,0,0,95.0,ACCEPTABLE,51.0,DEFECTIVE,0.0002,0.123,0.0009,0.0,0.1831,0.7843,0.25046,defect(high),False,False,False,False,False,True
353,blur_defocus_mild_0153.jpg,Blur,defocus_mild,1,0,0,0,0,0,82.0,ACCEPTABLE,51.0,DEGRADED,0.701,0.0139,0.0014,0.0,0.9593,0.0352,0.06869,blur(high); corruption(high),True,False,False,False,True,False
354,blur_defocus_severe_0154.jpg,Blur,defocus_severe,1,0,0,0,0,0,68.0,DEGRADED,70.6,DEGRADED,0.9989,0.0,0.001,0.0,0.0786,0.0005,0.10375,blur(high),True,False,False,False,False,False
355,blur_motion_0155.jpg,Blur,motion_blur,1,0,0,0,0,0,65.0,DEGRADED,100.0,ACCEPTABLE,0.1472,0.0001,0.0361,0.0003,0.0676,0.1104,0.06654,None,False,False,False,False,False,False
356,bokeh_portrait_0156.jpg,Blur,portrait_bokeh,0,0,0,0,0,0,95.0,ACCEPTABLE,100.0,ACCEPTABLE,0.1124,0.0113,0.0219,0.0011,0.1179,0.3401,0.05764,None,False,False,False,False,False,False
357,blur_defocus_mild_0157.jpg,Blur,defocus_mild,1,0,0,0,0,0,82.0,ACCEPTABLE,83.2,ACCEPTABLE,0.5021,0.0032,0.0266,0.0007,0.3536,0.2329,0.02867,blur(medium),True,False,False,False,False,False
358,blur_defocus_severe_0158.jpg,Blur,defocus_severe,1,0,0,0,0,0,68.0,DEGRADED,70.6,DEGRADED,0.869,0.0011,0.0702,0.0009,0.0782,0.0218,0.02795,blur(high),True,False,False,False,False,False
359,blur_motion_0159.jpg,Blur,motion_blur,1,0,0,0,0,0,65.0,DEGRADED,82.5,ACCEPTABLE,0.4249,0.0015,0.0428,0.0001,0.6877,0.0947,0.0831,blur(low); corruption(medium),True,False,False,False,True,False
360,bokeh_portrait_0160.jpg,Blur,portrait_bokeh,0,0,0,0,0,0,95.0,ACCEPTABLE,68.5,DEGRADED,0.0028,0.0101,0.0072,0.001,0.0433,0.6595,0.07139,defect(medium),False,False,False,False,False,True
361,blur_defocus_mild_0161.jpg,Blur,defocus_mild,1,0,0,0,0,0,82.0,ACCEPTABLE,70.6,DEGRADED,0.7876,0.0008,0.0309,0.0012,0.1239,0.1115,0.14558,blur(high),True,False,False,False,False,False
362,blur_defocus_severe_0162.jpg,Blur,defocus_severe,1,0,0,0,0,0,68.0,DEGRADED,70.6,DEGRADED,0.7827,0.0131,0.0383,0.0014,0.3175,0.1355,0.0419,blur(high),True,False,False,False,False,False
363,blur_motion_0163.jpg,Blur,motion_blur,1,0,0,0,0,0,65.0,DEGRADED,83.2,ACCEPTABLE,0.5378,0.005,0.029,0.0008,0.2146,0.1502,0.04069,blur(medium),True,False,False,False,False,False
364,bokeh_portrait_0164.jpg,Blur,portrait_bokeh,0,0,0,0,0,0,95.0,ACCEPTABLE,74.4,DEGRADED,0.5885,0.0506,0.0607,0.0008,0.6967,0.1281,0.03428,blur(medium); corruption(medium),True,False,False,False,True,False
365,blur_defocus_mild_0165.jpg,Blur,defocus_mild,1,0,0,0,0,0,82.0,ACCEPTABLE,83.2,ACCEPTABLE,0.6044,0.1831,0.0126,0.0061,0.0302,0.1162,0.03925,blur(medium),True,False,False,False,False,False
366,blur_defocus_severe_0166.jpg,Blur,defocus_severe,1,0,0,0,0,0,68.0,DEGRADED,70.6,DEGRADED,0.8343,0.0117,0.0425,0.0019,0.1719,0.0846,0.0656,blur(high),True,False,False,False,False,False
367,blur_motion_0167.jpg,Blur,motion_blur,1,0,0,0,0,0,65.0,DEGRADED,80.2,DEGRADED,0.2645,0.2867,0.0126,0.0023,0.3533,0.5194,0.17998,defect(low),False,False,False,False,False,True
368,bokeh_portrait_0168.jpg,Blur,portrait_bokeh,0,0,0,0,0,0,95.0,ACCEPTABLE,83.2,ACCEPTABLE,0.5295,0.0019,0.0488,0.0019,0.1016,0.1695,0.04787,blur(medium),True,False,False,False,False,False
369,blur_defocus_mild_0169.jpg,Blur,defocus_mild,1,0,0,0,0,0,82.0,ACCEPTABLE,70.6,DEGRADED,0.8603,0.0097,0.0158,0.0015,0.0896,0.0987,0.03431,blur(high),True,False,False,False,False,False
370,blur_defocus_severe_0170.jpg,Blur,defocus_severe,1,0,0,0,0,0,68.0,DEGRADED,70.6,DEGRADED,0.7821,0.0036,0.129,0.0004,0.391,0.0218,0.02716,blur(high),True,False,False,False,False,False
371,blur_motion_0171.jpg,Blur,motion_blur,1,0,0,0,0,0,65.0,DEGRADED,70.6,DEGRADED,0.7712,0.001,0.0835,0.0041,0.0731,0.0734,0.0412,blur(high),True,False,False,False,False,False
372,bokeh_portrait_0172.jpg,Blur,portrait_bokeh,0,0,0,0,0,0,95.0,ACCEPTABLE,83.2,ACCEPTABLE,0.6584,0.0116,0.0992,0.0011,0.2864,0.0576,0.04202,blur(medium),True,False,False,False,False,False
373,blur_defocus_mild_0173.jpg,Blur,defocus_mild,1,0,0,0,0,0,82.0,ACCEPTABLE,70.6,DEGRADED,0.8228,0.0092,0.0097,0.0004,0.2007,0.1043,0.04184,blur(high),True,False,False,False,False,False
374,blur_defocus_severe_0174.jpg,Blur,defocus_severe,1,0,0,0,0,0,68.0,DEGRADED,70.6,DEGRADED,0.7208,0.0036,0.0478,0.0012,0.1977,0.1053,0.03527,blur(high),True,False,False,False,False,False
375,blur_motion_0175.jpg,Blur,motion_blur,1,0,0,0,0,0,65.0,DEGRADED,95.8,ACCEPTABLE,0.3044,0.0019,0.0117,0.0,0.6133,0.1734,0.04581,corruption(low),False,False,False,False,True,False
376,bokeh_portrait_0176.jpg,Blur,portrait_bokeh,0,0,0,0,0,0,95.0,ACCEPTABLE,68.5,DEGRADED,0.003,0.091,0.0036,0.0011,0.0289,0.6564,0.10151,defect(medium),False,False,False,False,False,True
377,blur_defocus_mild_0177.jpg,Blur,defocus_mild,1,0,0,0,0,0,82.0,ACCEPTABLE,70.6,DEGRADED,0.7078,0.0057,0.0593,0.0017,0.2695,0.1362,0.04711,blur(high),True,False,False,False,False,False
378,blur_defocus_severe_0178.jpg,Blur,defocus_severe,1,0,0,0,0,0,68.0,DEGRADED,70.6,DEGRADED,0.9252,0.0064,0.0595,0.0013,0.3505,0.0548,0.03263,blur(high),True,False,False,False,False,False
379,blur_motion_0179.jpg,Blur,motion_blur,1,0,0,0,0,0,65.0,DEGRADED,70.6,DEGRADED,0.9228,0.0019,0.0908,0.0024,0.1458,0.038,0.14803,blur(high),True,False,False,False,False,False
380,bokeh_portrait_0180.jpg,Blur,portrait_bokeh,0,0,0,0,0,0,95.0,ACCEPTABLE,100.0,ACCEPTABLE,0.0619,0.0041,0.0443,0.005,0.1072,0.3814,0.05803,None,False,False,False,False,False,False
381,under_realistic_0001.jpg,Exposure,underexposure_realistic,0,1,0,0,0,0,70.0,DEGRADED,70.6,DEGRADED,0.0013,0.9996,0.0001,0.0037,0.0003,0.1338,0.04001,underexposure(high),False,True,False,False,False,False
382,under_severe_0002.jpg,Exposure,underexposure_severe,0,1,0,0,0,0,50.0,DEGRADED,5.0,DEFECTIVE,0.0167,0.9974,0.0001,0.0,0.009,0.2606,0.07662,underexposure(high),False,True,False,False,False,False
383,over_blowout_0003.jpg,Exposure,overexposure_blowout,0,0,1,0,0,0,35.0,DEFECTIVE,5.0,DEFECTIVE,0.0,0.0,1.0,0.0,0.0084,0.0003,0.2427,overexposure(high),False,False,True,False,False,False
384,whiteout_sensor_0004.jpg,Exposure,whiteout,0,0,1,0,0,0,5.0,DEFECTIVE,5.0,DEFECTIVE,0.0,0.0,1.0,0.0,0.9587,0.0,0.24155,overexposure(high),False,False,True,False,False,False
385,under_realistic_0005.jpg,Exposure,underexposure_realistic,0,1,0,0,0,0,70.0,DEGRADED,31.0,DEFECTIVE,0.0035,0.9968,0.0006,0.0001,0.0132,0.0592,0.23749,underexposure(high); defect(high),False,True,False,False,False,True
386,under_severe_0006.jpg,Exposure,underexposure_severe,0,1,0,0,0,0,50.0,DEGRADED,5.0,DEFECTIVE,0.0002,0.9992,0.0,0.0022,0.0004,0.8873,0.07531,underexposure(high),False,True,False,False,False,False
387,over_blowout_0007.jpg,Exposure,overexposure_blowout,0,0,1,0,0,0,35.0,DEFECTIVE,5.0,DEFECTIVE,0.0041,0.0014,0.9974,0.0008,0.2108,0.0101,0.26946,overexposure(high),False,False,True,False,False,False
388,whiteout_sensor_0008.jpg,Exposure,whiteout,0,0,1,0,0,0,5.0,DEFECTIVE,5.0,DEFECTIVE,0.0,0.0,1.0,0.0,0.9587,0.0,0.24155,overexposure(high),False,False,True,False,False,False
389,under_realistic_0009.jpg,Exposure,underexposure_realistic,0,1,0,0,0,0,70.0,DEGRADED,33.9,DEFECTIVE,0.0008,0.9987,0.0001,0.0032,0.0005,0.8293,0.05357,underexposure(high); defect(high),False,True,False,False,False,True
390,under_severe_0010.jpg,Exposure,underexposure_severe,0,1,0,0,0,0,50.0,DEGRADED,5.0,DEFECTIVE,0.0119,0.998,0.0001,0.0,0.0096,0.0377,0.0643,underexposure(high),False,True,False,False,False,False
391,over_blowout_0011.jpg,Exposure,overexposure_blowout,0,0,1,0,0,0,35.0,DEFECTIVE,30.8,DEFECTIVE,0.0043,0.0005,0.998,0.0002,0.2229,0.0064,0.24224,overexposure(high); defect(high),False,False,True,False,False,True
392,whiteout_sensor_0012.jpg,Exposure,whiteout,0,0,1,0,0,0,5.0,DEFECTIVE,5.0,DEFECTIVE,0.0,0.0,1.0,0.0,0.9587,0.0,0.24155,overexposure(high),False,False,True,False,False,False
393,under_realistic_0013.jpg,Exposure,underexposure_realistic,0,1,0,0,0,0,70.0,DEGRADED,70.6,DEGRADED,0.0019,0.9965,0.0012,0.0011,0.0098,0.1931,0.05341,underexposure(high),False,True,False,False,False,False
394,under_severe_0014.jpg,Exposure,underexposure_severe,0,1,0,0,0,0,50.0,DEGRADED,5.0,DEFECTIVE,0.0003,0.9999,0.0001,0.0007,0.0003,0.0315,0.04532,underexposure(high),False,True,False,False,False,False
395,over_blowout_0015.jpg,Exposure,overexposure_blowout,0,0,1,0,0,0,35.0,DEFECTIVE,70.6,DEGRADED,0.0028,0.0002,0.9967,0.0008,0.0929,0.0105,0.12565,overexposure(high),False,False,True,False,False,False
396,whiteout_sensor_0016.jpg,Exposure,whiteout,0,0,1,0,0,0,5.0,DEFECTIVE,5.0,DEFECTIVE,0.0,0.0,1.0,0.0,0.9587,0.0,0.24155,overexposure(high),False,False,True,False,False,False
397,under_realistic_0017.jpg,Exposure,underexposure_realistic,0,1,0,0,0,0,70.0,DEGRADED,70.6,DEGRADED,0.0012,0.9988,0.0005,0.0008,0.0034,0.1181,0.11643,underexposure(high),False,True,False,False,False,False
398,under_severe_0018.jpg,Exposure,underexposure_severe,0,1,0,0,0,0,50.0,DEGRADED,5.0,DEFECTIVE,0.0058,0.999,0.0001,0.0,0.0054,0.025,0.08127,underexposure(high),False,True,False,False,False,False
399,over_blowout_0019.jpg,Exposure,overexposure_blowout,0,0,1,0,0,0,35.0,DEFECTIVE,70.6,DEGRADED,0.0056,0.0016,0.9902,0.0021,0.2488,0.0241,0.16054,overexposure(high),False,False,True,False,False,False
400,whiteout_sensor_0020.jpg,Exposure,whiteout,0,0,1,0,0,0,5.0,DEFECTIVE,5.0,DEFECTIVE,0.0,0.0,1.0,0.0,0.9587,0.0,0.24155,overexposure(high),False,False,True,False,False,False
401,under_realistic_0021.jpg,Exposure,underexposure_realistic,0,1,0,0,0,0,70.0,DEGRADED,29.1,DEFECTIVE,0.0044,0.9877,0.0018,0.0013,0.0218,0.2695,0.27857,underexposure(high); defect(high),False,True,False,False,False,True
402,under_severe_0022.jpg,Exposure,underexposure_severe,0,1,0,0,0,0,50.0,DEGRADED,70.6,DEGRADED,0.001,0.9997,0.0002,0.0002,0.001,0.0263,0.15371,underexposure(high),False,True,False,False,False,False
403,over_blowout_0023.jpg,Exposure,overexposure_blowout,0,0,1,0,0,0,35.0,DEFECTIVE,70.6,DEGRADED,0.0046,0.0009,0.9955,0.0017,0.1335,0.0141,0.09091,overexposure(high),False,False,True,False,False,False
404,whiteout_sensor_0024.jpg,Exposure,whiteout,0,0,1,0,0,0,5.0,DEFECTIVE,5.0,DEFECTIVE,0.0,0.0,1.0,0.0,0.9587,0.0,0.24155,overexposure(high),False,False,True,False,False,False
405,under_realistic_0025.jpg,Exposure,underexposure_realistic,0,1,0,0,0,0,70.0,DEGRADED,25.1,DEFECTIVE,0.0015,0.9955,0.0008,0.0014,0.0074,0.2645,0.36404,underexposure(high); defect(high),False,True,False,False,False,True
406,under_severe_0026.jpg,Exposure,underexposure_severe,0,1,0,0,0,0,50.0,DEGRADED,70.6,DEGRADED,0.0018,0.9989,0.0005,0.0002,0.0046,0.0445,0.07487,underexposure(high),False,True,False,False,False,False
407,over_blowout_0027.jpg,Exposure,overexposure_blowout,0,0,1,0,0,0,35.0,DEFECTIVE,5.0,DEFECTIVE,0.0007,0.0002,0.9996,0.0,0.3324,0.0017,0.21897,overexposure(high),False,False,True,False,False,False
408,whiteout_sensor_0028.jpg,Exposure,whiteout,0,0,1,0,0,0,5.0,DEFECTIVE,5.0,DEFECTIVE,0.0,0.0,1.0,0.0,0.9587,0.0,0.24155,overexposure(high),False,False,True,False,False,False
409,under_realistic_0029.jpg,Exposure,underexposure_realistic,0,1,0,0,0,0,70.0,DEGRADED,70.6,DEGRADED,0.0009,0.9985,0.0003,0.0174,0.0006,0.1924,0.03645,underexposure(high),False,True,False,False,False,False
410,under_severe_0030.jpg,Exposure,underexposure_severe,0,1,0,0,0,0,50.0,DEGRADED,70.6,DEGRADED,0.0004,0.9998,0.0001,0.001,0.0006,0.1609,0.09269,underexposure(high),False,True,False,False,False,False
411,over_blowout_0031.jpg,Exposure,overexposure_blowout,0,0,1,0,0,0,35.0,DEFECTIVE,69.3,DEGRADED,0.0004,0.0,0.9998,0.0,0.2264,0.0009,0.20236,overexposure(high),False,False,True,False,False,False
412,whiteout_sensor_0032.jpg,Exposure,whiteout,0,0,1,0,0,0,5.0,DEFECTIVE,5.0,DEFECTIVE,0.0,0.0,1.0,0.0,0.9587,0.0,0.24155,overexposure(high),False,False,True,False,False,False
413,under_realistic_0033.jpg,Exposure,underexposure_realistic,0,1,0,0,0,0,70.0,DEGRADED,70.6,DEGRADED,0.0036,0.9963,0.0013,0.002,0.0072,0.1261,0.0403,underexposure(high),False,True,False,False,False,False
414,under_severe_0034.jpg,Exposure,underexposure_severe,0,1,0,0,0,0,50.0,DEGRADED,5.0,DEFECTIVE,0.0005,0.9997,0.0002,0.002,0.0006,0.1903,0.0593,underexposure(high),False,True,False,False,False,False
415,over_blowout_0035.jpg,Exposure,overexposure_blowout,0,0,1,0,0,0,35.0,DEFECTIVE,70.6,DEGRADED,0.002,0.0002,0.9921,0.0009,0.1438,0.0179,0.08495,overexposure(high),False,False,True,False,False,False
416,whiteout_sensor_0036.jpg,Exposure,whiteout,0,0,1,0,0,0,5.0,DEFECTIVE,5.0,DEFECTIVE,0.0,0.0,1.0,0.0,0.9587,0.0,0.24155,overexposure(high),False,False,True,False,False,False
417,under_realistic_0037.jpg,Exposure,underexposure_realistic,0,1,0,0,0,0,70.0,DEGRADED,70.6,DEGRADED,0.0013,0.9986,0.0003,0.0049,0.0012,0.2336,0.07727,underexposure(high),False,True,False,False,False,False
418,under_severe_0038.jpg,Exposure,underexposure_severe,0,1,0,0,0,0,50.0,DEGRADED,23.4,DEFECTIVE,0.0035,0.9996,0.0001,0.0002,0.0014,0.0331,0.74166,underexposure(high); defect(high),False,True,False,False,False,True
419,over_blowout_0039.jpg,Exposure,overexposure_blowout,0,0,1,0,0,0,35.0,DEFECTIVE,74.8,DEGRADED,0.0413,0.0006,0.0786,0.9347,0.001,0.4318,0.12008,noise(high),False,False,False,True,False,False
420,whiteout_sensor_0040.jpg,Exposure,whiteout,0,0,1,0,0,0,5.0,DEFECTIVE,5.0,DEFECTIVE,0.0,0.0,1.0,0.0,0.9587,0.0,0.24155,overexposure(high),False,False,True,False,False,False
421,under_realistic_0041.jpg,Exposure,underexposure_realistic,0,1,0,0,0,0,70.0,DEGRADED,47.9,DEGRADED,0.0,0.9998,0.0,0.0015,0.0002,0.6739,0.06011,underexposure(high); defect(medium),False,True,False,False,False,True
422,under_severe_0042.jpg,Exposure,underexposure_severe,0,1,0,0,0,0,50.0,DEGRADED,5.0,DEFECTIVE,0.0002,0.9994,0.0001,0.0031,0.0004,0.8005,0.04912,underexposure(high),False,True,False,False,False,False
423,over_blowout_0043.jpg,Exposure,overexposure_blowout,0,0,1,0,0,0,35.0,DEFECTIVE,70.6,DEGRADED,0.0017,0.0,0.9993,0.0,0.159,0.0025,0.12535,overexposure(high),False,False,True,False,False,False
424,whiteout_sensor_0044.jpg,Exposure,whiteout,0,0,1,0,0,0,5.0,DEFECTIVE,5.0,DEFECTIVE,0.0,0.0,1.0,0.0,0.9587,0.0,0.24155,overexposure(high),False,False,True,False,False,False
425,under_realistic_0045.jpg,Exposure,underexposure_realistic,0,1,0,0,0,0,70.0,DEGRADED,70.6,DEGRADED,0.0049,0.9985,0.0001,0.0079,0.0004,0.3256,0.03873,underexposure(high),False,True,False,False,False,False
426,under_severe_0046.jpg,Exposure,underexposure_severe,0,1,0,0,0,0,50.0,DEGRADED,5.0,DEFECTIVE,0.0001,0.9999,0.0001,0.0009,0.0003,0.2666,0.05576,underexposure(high),False,True,False,False,False,False
427,over_blowout_0047.jpg,Exposure,overexposure_blowout,0,0,1,0,0,0,35.0,DEFECTIVE,70.6,DEGRADED,0.0001,0.0,0.9994,0.0001,0.0513,0.0035,0.11862,overexposure(high),False,False,True,False,False,False
428,whiteout_sensor_0048.jpg,Exposure,whiteout,0,0,1,0,0,0,5.0,DEFECTIVE,5.0,DEFECTIVE,0.0,0.0,1.0,0.0,0.9587,0.0,0.24155,overexposure(high),False,False,True,False,False,False
429,under_realistic_0049.jpg,Exposure,underexposure_realistic,0,1,0,0,0,0,70.0,DEGRADED,44.0,DEFECTIVE,0.222,0.782,0.0066,0.0013,0.1978,0.1876,0.43899,defect(high),False,False,False,False,False,True
430,under_severe_0050.jpg,Exposure,underexposure_severe,0,1,0,0,0,0,50.0,DEGRADED,70.6,DEGRADED,0.0002,0.9998,0.0002,0.0,0.0009,0.0056,0.08828,underexposure(high),False,True,False,False,False,False
431,over_blowout_0051.jpg,Exposure,overexposure_blowout,0,0,1,0,0,0,35.0,DEFECTIVE,70.6,DEGRADED,0.0001,0.0,0.9991,0.0003,0.0167,0.005,0.15755,overexposure(high),False,False,True,False,False,False
432,whiteout_sensor_0052.jpg,Exposure,whiteout,0,0,1,0,0,0,5.0,DEFECTIVE,5.0,DEFECTIVE,0.0,0.0,1.0,0.0,0.9587,0.0,0.24155,overexposure(high),False,False,True,False,False,False
433,under_realistic_0053.jpg,Exposure,underexposure_realistic,0,1,0,0,0,0,70.0,DEGRADED,70.6,DEGRADED,0.0005,0.9987,0.0003,0.0016,0.0019,0.2051,0.05185,underexposure(high),False,True,False,False,False,False
434,under_severe_0054.jpg,Exposure,underexposure_severe,0,1,0,0,0,0,50.0,DEGRADED,5.0,DEFECTIVE,0.0401,0.9886,0.0001,0.0,0.0454,0.0213,0.10735,underexposure(high),False,True,False,False,False,False
435,over_blowout_0055.jpg,Exposure,overexposure_blowout,0,0,1,0,0,0,35.0,DEFECTIVE,70.6,DEGRADED,0.0002,0.0,0.9989,0.0003,0.0116,0.0055,0.13477,overexposure(high),False,False,True,False,False,False
436,whiteout_sensor_0056.jpg,Exposure,whiteout,0,0,1,0,0,0,5.0,DEFECTIVE,5.0,DEFECTIVE,0.0,0.0,1.0,0.0,0.9587,0.0,0.24155,overexposure(high),False,False,True,False,False,False
437,under_realistic_0057.jpg,Exposure,underexposure_realistic,0,1,0,0,0,0,70.0,DEGRADED,70.6,DEGRADED,0.0015,0.9983,0.0008,0.0017,0.0041,0.1251,0.04662,underexposure(high),False,True,False,False,False,False
438,under_severe_0058.jpg,Exposure,underexposure_severe,0,1,0,0,0,0,50.0,DEGRADED,70.6,DEGRADED,0.0001,0.9999,0.0,0.0025,0.0001,0.1322,0.11729,underexposure(high),False,True,False,False,False,False
439,over_blowout_0059.jpg,Exposure,overexposure_blowout,0,0,1,0,0,0,35.0,DEFECTIVE,70.6,DEGRADED,0.0002,0.0,0.9999,0.0,0.2761,0.0004,0.1416,overexposure(high),False,False,True,False,False,False
440,whiteout_sensor_0060.jpg,Exposure,whiteout,0,0,1,0,0,0,5.0,DEFECTIVE,5.0,DEFECTIVE,0.0,0.0,1.0,0.0,0.9587,0.0,0.24155,overexposure(high),False,False,True,False,False,False
441,under_realistic_0061.jpg,Exposure,underexposure_realistic,0,1,0,0,0,0,70.0,DEGRADED,62.8,DEGRADED,0.0013,0.9988,0.0,0.4254,0.0,0.1316,0.0431,underexposure(high); noise(medium),False,True,False,True,False,False
442,under_severe_0062.jpg,Exposure,underexposure_severe,0,1,0,0,0,0,50.0,DEGRADED,5.0,DEFECTIVE,0.0009,0.9999,0.0001,0.0007,0.0004,0.046,0.12146,underexposure(high),False,True,False,False,False,False
443,over_blowout_0063.jpg,Exposure,overexposure_blowout,0,0,1,0,0,0,35.0,DEFECTIVE,70.6,DEGRADED,0.071,0.0028,0.9525,0.0099,0.0886,0.0434,0.08406,overexposure(high),False,False,True,False,False,False
444,whiteout_sensor_0064.jpg,Exposure,whiteout,0,0,1,0,0,0,5.0,DEFECTIVE,5.0,DEFECTIVE,0.0,0.0,1.0,0.0,0.9587,0.0,0.24155,overexposure(high),False,False,True,False,False,False
445,under_realistic_0065.jpg,Exposure,underexposure_realistic,0,1,0,0,0,0,70.0,DEGRADED,70.6,DEGRADED,0.0006,0.9992,0.0001,0.0047,0.0003,0.3737,0.16926,underexposure(high),False,True,False,False,False,False
446,under_severe_0066.jpg,Exposure,underexposure_severe,0,1,0,0,0,0,50.0,DEGRADED,5.0,DEFECTIVE,0.0005,0.999,0.0001,0.0021,0.0006,0.8566,0.07238,underexposure(high),False,True,False,False,False,False
447,over_blowout_0067.jpg,Exposure,overexposure_blowout,0,0,1,0,0,0,35.0,DEFECTIVE,70.6,DEGRADED,0.0454,0.0067,0.9376,0.0121,0.2226,0.0795,0.06005,overexposure(high),False,False,True,False,False,False
448,whiteout_sensor_0068.jpg,Exposure,whiteout,0,0,1,0,0,0,5.0,DEFECTIVE,5.0,DEFECTIVE,0.0,0.0,1.0,0.0,0.9587,0.0,0.24155,overexposure(high),False,False,True,False,False,False
449,under_realistic_0069.jpg,Exposure,underexposure_realistic,0,1,0,0,0,0,70.0,DEGRADED,70.6,DEGRADED,0.0026,0.9984,0.0006,0.0007,0.0054,0.1155,0.07781,underexposure(high),False,True,False,False,False,False
450,under_severe_0070.jpg,Exposure,underexposure_severe,0,1,0,0,0,0,50.0,DEGRADED,5.0,DEFECTIVE,0.0003,0.9999,0.0001,0.0003,0.0004,0.0174,0.11433,underexposure(high),False,True,False,False,False,False
451,over_blowout_0071.jpg,Exposure,overexposure_blowout,0,0,1,0,0,0,35.0,DEFECTIVE,30.7,DEFECTIVE,0.0002,0.0,0.9999,0.0,0.188,0.0007,0.24487,overexposure(high); defect(high),False,False,True,False,False,True
452,whiteout_sensor_0072.jpg,Exposure,whiteout,0,0,1,0,0,0,5.0,DEFECTIVE,5.0,DEFECTIVE,0.0,0.0,1.0,0.0,0.9587,0.0,0.24155,overexposure(high),False,False,True,False,False,False
453,under_realistic_0073.jpg,Exposure,underexposure_realistic,0,1,0,0,0,0,70.0,DEGRADED,23.4,DEFECTIVE,0.0199,0.9304,0.0038,0.0006,0.1369,0.2318,0.40237,underexposure(high); defect(high),False,True,False,False,False,True
454,under_severe_0074.jpg,Exposure,underexposure_severe,0,1,0,0,0,0,50.0,DEGRADED,5.0,DEFECTIVE,0.014,0.9992,0.0,0.0001,0.0028,0.0775,0.1077,underexposure(high),False,True,False,False,False,False
455,over_blowout_0075.jpg,Exposure,overexposure_blowout,0,0,1,0,0,0,35.0,DEFECTIVE,28.5,DEFECTIVE,0.0005,0.0,0.9997,0.0,0.3621,0.0008,0.29243,overexposure(high); defect(high),False,False,True,False,False,True
456,whiteout_sensor_0076.jpg,Exposure,whiteout,0,0,1,0,0,0,5.0,DEFECTIVE,5.0,DEFECTIVE,0.0,0.0,1.0,0.0,0.9587,0.0,0.24155,overexposure(high),False,False,True,False,False,False
457,under_realistic_0077.jpg,Exposure,underexposure_realistic,0,1,0,0,0,0,70.0,DEGRADED,70.6,DEGRADED,0.001,0.9991,0.0002,0.0043,0.0007,0.1629,0.03339,underexposure(high),False,True,False,False,False,False
458,under_severe_0078.jpg,Exposure,underexposure_severe,0,1,0,0,0,0,50.0,DEGRADED,5.0,DEFECTIVE,0.0001,0.9999,0.0,0.0022,0.0001,0.1951,0.07927,underexposure(high),False,True,False,False,False,False
459,over_blowout_0079.jpg,Exposure,overexposure_blowout,0,0,1,0,0,0,35.0,DEFECTIVE,70.6,DEGRADED,0.0003,0.0,0.9996,0.0,0.0688,0.002,0.14495,overexposure(high),False,False,True,False,False,False
460,whiteout_sensor_0080.jpg,Exposure,whiteout,0,0,1,0,0,0,5.0,DEFECTIVE,5.0,DEFECTIVE,0.0,0.0,1.0,0.0,0.9587,0.0,0.24155,overexposure(high),False,False,True,False,False,False
461,under_realistic_0081.jpg,Exposure,underexposure_realistic,0,1,0,0,0,0,70.0,DEGRADED,70.6,DEGRADED,0.001,0.9922,0.0012,0.0056,0.0055,0.3249,0.04161,underexposure(high),False,True,False,False,False,False
462,under_severe_0082.jpg,Exposure,underexposure_severe,0,1,0,0,0,0,50.0,DEGRADED,5.0,DEFECTIVE,0.0057,0.999,0.0003,0.0002,0.0043,0.0443,0.0627,underexposure(high),False,True,False,False,False,False
463,over_blowout_0083.jpg,Exposure,overexposure_blowout,0,0,1,0,0,0,35.0,DEFECTIVE,70.6,DEGRADED,0.0026,0.0,0.9955,0.0003,0.0533,0.0099,0.15373,overexposure(high),False,False,True,False,False,False
464,whiteout_sensor_0084.jpg,Exposure,whiteout,0,0,1,0,0,0,5.0,DEFECTIVE,5.0,DEFECTIVE,0.0,0.0,1.0,0.0,0.9587,0.0,0.24155,overexposure(high),False,False,True,False,False,False
465,under_realistic_0085.jpg,Exposure,underexposure_realistic,0,1,0,0,0,0,70.0,DEGRADED,70.6,DEGRADED,0.0004,0.999,0.0002,0.0026,0.001,0.3526,0.04748,underexposure(high),False,True,False,False,False,False
466,under_severe_0086.jpg,Exposure,underexposure_severe,0,1,0,0,0,0,50.0,DEGRADED,5.0,DEFECTIVE,0.001,0.9997,0.0002,0.0001,0.0016,0.0195,0.07229,underexposure(high),False,True,False,False,False,False
467,over_blowout_0087.jpg,Exposure,overexposure_blowout,0,0,1,0,0,0,35.0,DEFECTIVE,70.6,DEGRADED,0.0027,0.0001,0.9966,0.0005,0.0626,0.0085,0.10647,overexposure(high),False,False,True,False,False,False
468,whiteout_sensor_0088.jpg,Exposure,whiteout,0,0,1,0,0,0,5.0,DEFECTIVE,5.0,DEFECTIVE,0.0,0.0,1.0,0.0,0.9587,0.0,0.24155,overexposure(high),False,False,True,False,False,False
469,under_realistic_0089.jpg,Exposure,underexposure_realistic,0,1,0,0,0,0,70.0,DEGRADED,70.6,DEGRADED,0.0079,0.9681,0.0047,0.0003,0.0859,0.0905,0.07498,underexposure(high),False,True,False,False,False,False
470,under_severe_0090.jpg,Exposure,underexposure_severe,0,1,0,0,0,0,50.0,DEGRADED,70.6,DEGRADED,0.0001,0.9999,0.0,0.0008,0.0001,0.0504,0.08618,underexposure(high),False,True,False,False,False,False
471,over_blowout_0091.jpg,Exposure,overexposure_blowout,0,0,1,0,0,0,35.0,DEFECTIVE,70.6,DEGRADED,0.0056,0.0017,0.9798,0.0066,0.1289,0.0477,0.16322,overexposure(high),False,False,True,False,False,False
472,whiteout_sensor_0092.jpg,Exposure,whiteout,0,0,1,0,0,0,5.0,DEFECTIVE,5.0,DEFECTIVE,0.0,0.0,1.0,0.0,0.9587,0.0,0.24155,overexposure(high),False,False,True,False,False,False
473,under_realistic_0093.jpg,Exposure,underexposure_realistic,0,1,0,0,0,0,70.0,DEGRADED,70.6,DEGRADED,0.0014,0.9987,0.0004,0.0032,0.0016,0.1203,0.03267,underexposure(high),False,True,False,False,False,False
474,under_severe_0094.jpg,Exposure,underexposure_severe,0,1,0,0,0,0,50.0,DEGRADED,70.6,DEGRADED,0.0003,0.9999,0.0001,0.0006,0.0002,0.0346,0.11259,underexposure(high),False,True,False,False,False,False
475,over_blowout_0095.jpg,Exposure,overexposure_blowout,0,0,1,0,0,0,35.0,DEFECTIVE,70.6,DEGRADED,0.0006,0.0001,0.9997,0.0,0.3096,0.0014,0.14927,overexposure(high),False,False,True,False,False,False
476,whiteout_sensor_0096.jpg,Exposure,whiteout,0,0,1,0,0,0,5.0,DEFECTIVE,5.0,DEFECTIVE,0.0,0.0,1.0,0.0,0.9587,0.0,0.24155,overexposure(high),False,False,True,False,False,False
477,under_realistic_0097.jpg,Exposure,underexposure_realistic,0,1,0,0,0,0,70.0,DEGRADED,70.6,DEGRADED,0.0105,0.9957,0.0004,0.0001,0.0164,0.0633,0.04553,underexposure(high),False,True,False,False,False,False
478,under_severe_0098.jpg,Exposure,underexposure_severe,0,1,0,0,0,0,50.0,DEGRADED,5.0,DEFECTIVE,0.0002,0.9999,0.0001,0.0005,0.0003,0.0452,0.0603,underexposure(high),False,True,False,False,False,False
479,over_blowout_0099.jpg,Exposure,overexposure_blowout,0,0,1,0,0,0,35.0,DEFECTIVE,69.6,DEGRADED,0.0002,0.0,0.9999,0.0,0.2582,0.0005,0.19562,overexposure(high),False,False,True,False,False,False
480,whiteout_sensor_0100.jpg,Exposure,whiteout,0,0,1,0,0,0,5.0,DEFECTIVE,5.0,DEFECTIVE,0.0,0.0,1.0,0.0,0.9587,0.0,0.24155,overexposure(high),False,False,True,False,False,False
481,under_realistic_0101.jpg,Exposure,underexposure_realistic,0,1,0,0,0,0,70.0,DEGRADED,70.6,DEGRADED,0.0031,0.993,0.004,0.0014,0.0169,0.0901,0.02344,underexposure(high),False,True,False,False,False,False
482,under_severe_0102.jpg,Exposure,underexposure_severe,0,1,0,0,0,0,50.0,DEGRADED,5.0,DEFECTIVE,0.0003,0.9999,0.0001,0.0003,0.0004,0.0209,0.06056,underexposure(high),False,True,False,False,False,False
483,over_blowout_0103.jpg,Exposure,overexposure_blowout,0,0,1,0,0,0,35.0,DEFECTIVE,69.2,DEGRADED,0.0007,0.0003,0.9825,0.0183,0.0127,0.048,0.20519,overexposure(high),False,False,True,False,False,False
484,whiteout_sensor_0104.jpg,Exposure,whiteout,0,0,1,0,0,0,5.0,DEFECTIVE,5.0,DEFECTIVE,0.0,0.0,1.0,0.0,0.9587,0.0,0.24155,overexposure(high),False,False,True,False,False,False
485,under_realistic_0105.jpg,Exposure,underexposure_realistic,0,1,0,0,0,0,70.0,DEGRADED,70.6,DEGRADED,0.0011,0.9973,0.0013,0.0016,0.0064,0.1891,0.03699,underexposure(high),False,True,False,False,False,False
486,under_severe_0106.jpg,Exposure,underexposure_severe,0,1,0,0,0,0,50.0,DEGRADED,5.0,DEFECTIVE,0.0001,0.9996,0.0,0.0191,0.0001,0.6718,0.04415,underexposure(high),False,True,False,False,False,False
487,over_blowout_0107.jpg,Exposure,overexposure_blowout,0,0,1,0,0,0,35.0,DEFECTIVE,70.6,DEGRADED,0.0022,0.0006,0.9961,0.003,0.0625,0.0151,0.09352,overexposure(high),False,False,True,False,False,False
488,whiteout_sensor_0108.jpg,Exposure,whiteout,0,0,1,0,0,0,5.0,DEFECTIVE,5.0,DEFECTIVE,0.0,0.0,1.0,0.0,0.9587,0.0,0.24155,overexposure(high),False,False,True,False,False,False
489,under_realistic_0109.jpg,Exposure,underexposure_realistic,0,1,0,0,0,0,70.0,DEGRADED,70.6,DEGRADED,0.001,0.9992,0.0001,0.0051,0.0005,0.2168,0.0271,underexposure(high),False,True,False,False,False,False
490,under_severe_0110.jpg,Exposure,underexposure_severe,0,1,0,0,0,0,50.0,DEGRADED,5.0,DEFECTIVE,0.0017,0.9997,0.0001,0.0001,0.0015,0.0156,0.17028,underexposure(high),False,True,False,False,False,False
491,over_blowout_0111.jpg,Exposure,overexposure_blowout,0,0,1,0,0,0,35.0,DEFECTIVE,70.6,DEGRADED,0.0003,0.0,0.996,0.0005,0.029,0.0133,0.12925,overexposure(high),False,False,True,False,False,False
492,whiteout_sensor_0112.jpg,Exposure,whiteout,0,0,1,0,0,0,5.0,DEFECTIVE,5.0,DEFECTIVE,0.0,0.0,1.0,0.0,0.9587,0.0,0.24155,overexposure(high),False,False,True,False,False,False
493,under_realistic_0113.jpg,Exposure,underexposure_realistic,0,1,0,0,0,0,70.0,DEGRADED,23.9,DEFECTIVE,0.0005,0.9985,0.0001,0.0049,0.0006,0.2409,0.39153,underexposure(high); defect(high),False,True,False,False,False,True
494,under_severe_0114.jpg,Exposure,underexposure_severe,0,1,0,0,0,0,50.0,DEGRADED,70.6,DEGRADED,0.0009,0.9999,0.0001,0.0003,0.0004,0.0267,0.07619,underexposure(high),False,True,False,False,False,False
495,over_blowout_0115.jpg,Exposure,overexposure_blowout,0,0,1,0,0,0,35.0,DEFECTIVE,70.6,DEGRADED,0.0002,0.0,0.9999,0.0,0.3163,0.0006,0.13799,overexposure(high),False,False,True,False,False,False
496,whiteout_sensor_0116.jpg,Exposure,whiteout,0,0,1,0,0,0,5.0,DEFECTIVE,5.0,DEFECTIVE,0.0,0.0,1.0,0.0,0.9587,0.0,0.24155,overexposure(high),False,False,True,False,False,False
497,under_realistic_0117.jpg,Exposure,underexposure_realistic,0,1,0,0,0,0,70.0,DEGRADED,70.6,DEGRADED,0.007,0.9766,0.0026,0.0016,0.0418,0.3699,0.02402,underexposure(high),False,True,False,False,False,False
498,under_severe_0118.jpg,Exposure,underexposure_severe,0,1,0,0,0,0,50.0,DEGRADED,70.6,DEGRADED,0.0008,0.9996,0.0002,0.0012,0.0012,0.16,0.08031,underexposure(high),False,True,False,False,False,False
499,over_blowout_0119.jpg,Exposure,overexposure_blowout,0,0,1,0,0,0,35.0,DEFECTIVE,70.6,DEGRADED,0.0005,0.0001,0.9992,0.0001,0.114,0.0036,0.07492,overexposure(high),False,False,True,False,False,False
500,whiteout_sensor_0120.jpg,Exposure,whiteout,0,0,1,0,0,0,5.0,DEFECTIVE,5.0,DEFECTIVE,0.0,0.0,1.0,0.0,0.9587,0.0,0.24155,overexposure(high),False,False,True,False,False,False
501,under_realistic_0121.jpg,Exposure,underexposure_realistic,0,1,0,0,0,0,70.0,DEGRADED,70.6,DEGRADED,0.001,0.9973,0.0005,0.0034,0.0024,0.2232,0.03027,underexposure(high),False,True,False,False,False,False
502,under_severe_0122.jpg,Exposure,underexposure_severe,0,1,0,0,0,0,50.0,DEGRADED,5.0,DEFECTIVE,0.0001,0.9998,0.0,0.0093,0.0001,0.7194,0.08222,underexposure(high),False,True,False,False,False,False
503,over_blowout_0123.jpg,Exposure,overexposure_blowout,0,0,1,0,0,0,35.0,DEFECTIVE,31.5,DEFECTIVE,0.2311,0.0079,0.0491,0.0001,0.8491,0.1169,0.24882,corruption(high); defect(high),False,False,False,False,True,True
504,whiteout_sensor_0124.jpg,Exposure,whiteout,0,0,1,0,0,0,5.0,DEFECTIVE,5.0,DEFECTIVE,0.0,0.0,1.0,0.0,0.9587,0.0,0.24155,overexposure(high),False,False,True,False,False,False
505,under_realistic_0125.jpg,Exposure,underexposure_realistic,0,1,0,0,0,0,70.0,DEGRADED,70.6,DEGRADED,0.0001,0.9992,0.0,0.0266,0.0,0.4244,0.03159,underexposure(high),False,True,False,False,False,False
506,under_severe_0126.jpg,Exposure,underexposure_severe,0,1,0,0,0,0,50.0,DEGRADED,5.0,DEFECTIVE,0.0004,0.9998,0.0002,0.0006,0.0007,0.0526,0.0714,underexposure(high),False,True,False,False,False,False
507,over_blowout_0127.jpg,Exposure,overexposure_blowout,0,0,1,0,0,0,35.0,DEFECTIVE,70.6,DEGRADED,0.0043,0.0014,0.997,0.0009,0.2084,0.0113,0.12656,overexposure(high),False,False,True,False,False,False
508,whiteout_sensor_0128.jpg,Exposure,whiteout,0,0,1,0,0,0,5.0,DEFECTIVE,5.0,DEFECTIVE,0.0,0.0,1.0,0.0,0.9587,0.0,0.24155,overexposure(high),False,False,True,False,False,False
509,under_realistic_0129.jpg,Exposure,underexposure_realistic,0,1,0,0,0,0,70.0,DEGRADED,23.4,DEFECTIVE,0.0074,0.914,0.0038,0.0004,0.1591,0.2695,0.47082,underexposure(high); defect(high),False,True,False,False,False,True
510,under_severe_0130.jpg,Exposure,underexposure_severe,0,1,0,0,0,0,50.0,DEGRADED,5.0,DEFECTIVE,0.0001,0.9999,0.0001,0.0041,0.0001,0.2721,0.06572,underexposure(high),False,True,False,False,False,False
511,over_blowout_0131.jpg,Exposure,overexposure_blowout,0,0,1,0,0,0,35.0,DEFECTIVE,67.9,DEGRADED,0.0008,0.0,0.997,0.0007,0.0132,0.0105,0.23283,overexposure(high),False,False,True,False,False,False
512,whiteout_sensor_0132.jpg,Exposure,whiteout,0,0,1,0,0,0,5.0,DEFECTIVE,5.0,DEFECTIVE,0.0,0.0,1.0,0.0,0.9587,0.0,0.24155,overexposure(high),False,False,True,False,False,False
513,under_realistic_0133.jpg,Exposure,underexposure_realistic,0,1,0,0,0,0,70.0,DEGRADED,70.6,DEGRADED,0.0014,0.9967,0.0008,0.0036,0.0035,0.1883,0.06536,underexposure(high),False,True,False,False,False,False
514,under_severe_0134.jpg,Exposure,underexposure_severe,0,1,0,0,0,0,50.0,DEGRADED,5.0,DEFECTIVE,0.0023,0.9992,0.0003,0.0002,0.0041,0.1034,0.05954,underexposure(high),False,True,False,False,False,False
515,over_blowout_0135.jpg,Exposure,overexposure_blowout,0,0,1,0,0,0,35.0,DEFECTIVE,70.6,DEGRADED,0.001,0.0001,0.9946,0.0012,0.0469,0.0156,0.1526,overexposure(high),False,False,True,False,False,False
516,whiteout_sensor_0136.jpg,Exposure,whiteout,0,0,1,0,0,0,5.0,DEFECTIVE,5.0,DEFECTIVE,0.0,0.0,1.0,0.0,0.9587,0.0,0.24155,overexposure(high),False,False,True,False,False,False
517,under_realistic_0137.jpg,Exposure,underexposure_realistic,0,1,0,0,0,0,70.0,DEGRADED,70.6,DEGRADED,0.0103,0.9916,0.0004,0.0,0.0359,0.045,0.06409,underexposure(high),False,True,False,False,False,False
518,under_severe_0138.jpg,Exposure,underexposure_severe,0,1,0,0,0,0,50.0,DEGRADED,5.0,DEFECTIVE,0.002,0.9998,0.0001,0.0001,0.001,0.0402,0.09594,underexposure(high),False,True,False,False,False,False
519,over_blowout_0139.jpg,Exposure,overexposure_blowout,0,0,1,0,0,0,35.0,DEFECTIVE,70.6,DEGRADED,0.0004,0.0001,0.9965,0.0008,0.0477,0.0148,0.12103,overexposure(high),False,False,True,False,False,False
520,whiteout_sensor_0140.jpg,Exposure,whiteout,0,0,1,0,0,0,5.0,DEFECTIVE,5.0,DEFECTIVE,0.0,0.0,1.0,0.0,0.9587,0.0,0.24155,overexposure(high),False,False,True,False,False,False
521,under_realistic_0141.jpg,Exposure,underexposure_realistic,0,1,0,0,0,0,70.0,DEGRADED,70.6,DEGRADED,0.0008,0.9989,0.0004,0.0017,0.0016,0.09,0.14507,underexposure(high),False,True,False,False,False,False
522,under_severe_0142.jpg,Exposure,underexposure_severe,0,1,0,0,0,0,50.0,DEGRADED,23.4,DEFECTIVE,0.0015,0.9997,0.0001,0.0002,0.001,0.0286,0.43468,underexposure(high); defect(high),False,True,False,False,False,True
523,over_blowout_0143.jpg,Exposure,overexposure_blowout,0,0,1,0,0,0,35.0,DEFECTIVE,70.6,DEGRADED,0.0013,0.0005,0.9944,0.0021,0.0858,0.0217,0.11978,overexposure(high),False,False,True,False,False,False
524,whiteout_sensor_0144.jpg,Exposure,whiteout,0,0,1,0,0,0,5.0,DEFECTIVE,5.0,DEFECTIVE,0.0,0.0,1.0,0.0,0.9587,0.0,0.24155,overexposure(high),False,False,True,False,False,False
525,under_realistic_0145.jpg,Exposure,underexposure_realistic,0,1,0,0,0,0,70.0,DEGRADED,23.4,DEFECTIVE,0.0018,0.9977,0.0003,0.005,0.0013,0.1755,0.41679,underexposure(high); defect(high),False,True,False,False,False,True
526,under_severe_0146.jpg,Exposure,underexposure_severe,0,1,0,0,0,0,50.0,DEGRADED,5.0,DEFECTIVE,0.0003,0.9997,0.0001,0.0031,0.0003,0.4825,0.07599,underexposure(high),False,True,False,False,False,False
527,over_blowout_0147.jpg,Exposure,overexposure_blowout,0,0,1,0,0,0,35.0,DEFECTIVE,70.6,DEGRADED,0.0004,0.0001,0.9993,0.0001,0.1298,0.0042,0.12662,overexposure(high),False,False,True,False,False,False
528,whiteout_sensor_0148.jpg,Exposure,whiteout,0,0,1,0,0,0,5.0,DEFECTIVE,5.0,DEFECTIVE,0.0,0.0,1.0,0.0,0.9587,0.0,0.24155,overexposure(high),False,False,True,False,False,False
529,under_realistic_0149.jpg,Exposure,underexposure_realistic,0,1,0,0,0,0,70.0,DEGRADED,70.6,DEGRADED,0.0008,0.9988,0.0005,0.002,0.0023,0.1959,0.10508,underexposure(high),False,True,False,False,False,False
530,under_severe_0150.jpg,Exposure,underexposure_severe,0,1,0,0,0,0,50.0,DEGRADED,5.0,DEFECTIVE,0.0002,0.9998,0.0001,0.0005,0.0006,0.2584,0.09925,underexposure(high),False,True,False,False,False,False
531,over_blowout_0151.jpg,Exposure,overexposure_blowout,0,0,1,0,0,0,35.0,DEFECTIVE,69.1,DEGRADED,0.0002,0.0,0.9999,0.0,0.3245,0.0006,0.20654,overexposure(high),False,False,True,False,False,False
532,whiteout_sensor_0152.jpg,Exposure,whiteout,0,0,1,0,0,0,5.0,DEFECTIVE,5.0,DEFECTIVE,0.0,0.0,1.0,0.0,0.9587,0.0,0.24155,overexposure(high),False,False,True,False,False,False
533,under_realistic_0153.jpg,Exposure,underexposure_realistic,0,1,0,0,0,0,70.0,DEGRADED,70.6,DEGRADED,0.0024,0.996,0.0002,0.0139,0.0005,0.3234,0.04035,underexposure(high),False,True,False,False,False,False
534,under_severe_0154.jpg,Exposure,underexposure_severe,0,1,0,0,0,0,50.0,DEGRADED,70.6,DEGRADED,0.0009,0.9998,0.0001,0.0002,0.0006,0.023,0.0686,underexposure(high),False,True,False,False,False,False
535,over_blowout_0155.jpg,Exposure,overexposure_blowout,0,0,1,0,0,0,35.0,DEFECTIVE,31.1,DEFECTIVE,0.0008,0.0003,0.9977,0.0015,0.0531,0.0119,0.23609,overexposure(high); defect(high),False,False,True,False,False,True
536,whiteout_sensor_0156.jpg,Exposure,whiteout,0,0,1,0,0,0,5.0,DEFECTIVE,5.0,DEFECTIVE,0.0,0.0,1.0,0.0,0.9587,0.0,0.24155,overexposure(high),False,False,True,False,False,False
537,under_realistic_0157.jpg,Exposure,underexposure_realistic,0,1,0,0,0,0,70.0,DEGRADED,70.6,DEGRADED,0.0024,0.997,0.0007,0.0081,0.0023,0.1818,0.04964,underexposure(high),False,True,False,False,False,False
538,under_severe_0158.jpg,Exposure,underexposure_severe,0,1,0,0,0,0,50.0,DEGRADED,5.0,DEFECTIVE,0.0001,0.9998,0.0001,0.0055,0.0001,0.3007,0.07263,underexposure(high),False,True,False,False,False,False
539,over_blowout_0159.jpg,Exposure,overexposure_blowout,0,0,1,0,0,0,35.0,DEFECTIVE,70.6,DEGRADED,0.0029,0.0004,0.9906,0.0084,0.0276,0.0281,0.14769,overexposure(high),False,False,True,False,False,False
540,whiteout_sensor_0160.jpg,Exposure,whiteout,0,0,1,0,0,0,5.0,DEFECTIVE,5.0,DEFECTIVE,0.0,0.0,1.0,0.0,0.9587,0.0,0.24155,overexposure(high),False,False,True,False,False,False
541,under_realistic_0161.jpg,Exposure,underexposure_realistic,0,1,0,0,0,0,70.0,DEGRADED,25.3,DEFECTIVE,0.007,0.9897,0.0009,0.0014,0.0136,0.3224,0.3605,underexposure(high); defect(high),False,True,False,False,False,True
542,under_severe_0162.jpg,Exposure,underexposure_severe,0,1,0,0,0,0,50.0,DEGRADED,23.4,DEFECTIVE,0.0003,0.9999,0.0,0.0009,0.0001,0.0277,0.42194,underexposure(high); defect(high),False,True,False,False,False,True
543,over_blowout_0163.jpg,Exposure,overexposure_blowout,0,0,1,0,0,0,35.0,DEFECTIVE,70.6,DEGRADED,0.0013,0.0001,0.9994,0.0,0.2494,0.0019,0.11548,overexposure(high),False,False,True,False,False,False
544,whiteout_sensor_0164.jpg,Exposure,whiteout,0,0,1,0,0,0,5.0,DEFECTIVE,5.0,DEFECTIVE,0.0,0.0,1.0,0.0,0.9587,0.0,0.24155,overexposure(high),False,False,True,False,False,False
545,under_realistic_0165.jpg,Exposure,underexposure_realistic,0,1,0,0,0,0,70.0,DEGRADED,23.4,DEFECTIVE,0.004,0.9963,0.0003,0.0062,0.0015,0.3295,0.4163,underexposure(high); defect(high),False,True,False,False,False,True
546,under_severe_0166.jpg,Exposure,underexposure_severe,0,1,0,0,0,0,50.0,DEGRADED,5.0,DEFECTIVE,0.0041,0.9989,0.0001,0.0001,0.0054,0.2669,0.07795,underexposure(high),False,True,False,False,False,False
547,over_blowout_0167.jpg,Exposure,overexposure_blowout,0,0,1,0,0,0,35.0,DEFECTIVE,70.6,DEGRADED,0.0003,0.0,0.9998,0.0,0.3052,0.0006,0.12603,overexposure(high),False,False,True,False,False,False
548,whiteout_sensor_0168.jpg,Exposure,whiteout,0,0,1,0,0,0,5.0,DEFECTIVE,5.0,DEFECTIVE,0.0,0.0,1.0,0.0,0.9587,0.0,0.24155,overexposure(high),False,False,True,False,False,False
549,under_realistic_0169.jpg,Exposure,underexposure_realistic,0,1,0,0,0,0,70.0,DEGRADED,28.9,DEFECTIVE,0.0067,0.9871,0.0023,0.001,0.029,0.2089,0.28309,underexposure(high); defect(high),False,True,False,False,False,True
550,under_severe_0170.jpg,Exposure,underexposure_severe,0,1,0,0,0,0,50.0,DEGRADED,5.0,DEFECTIVE,0.0011,0.9996,0.0002,0.0002,0.0019,0.0689,0.0777,underexposure(high),False,True,False,False,False,False
551,over_blowout_0171.jpg,Exposure,overexposure_blowout,0,0,1,0,0,0,35.0,DEFECTIVE,70.6,DEGRADED,0.0005,0.0,0.9998,0.0,0.3941,0.0005,0.08648,overexposure(high),False,False,True,False,False,False
552,whiteout_sensor_0172.jpg,Exposure,whiteout,0,0,1,0,0,0,5.0,DEFECTIVE,5.0,DEFECTIVE,0.0,0.0,1.0,0.0,0.9587,0.0,0.24155,overexposure(high),False,False,True,False,False,False
553,under_realistic_0173.jpg,Exposure,underexposure_realistic,0,1,0,0,0,0,70.0,DEGRADED,25.5,DEFECTIVE,0.0031,0.9961,0.0002,0.0118,0.0007,0.2792,0.35624,underexposure(high); defect(high),False,True,False,False,False,True
554,under_severe_0174.jpg,Exposure,underexposure_severe,0,1,0,0,0,0,50.0,DEGRADED,70.6,DEGRADED,0.001,0.9999,0.0,0.0008,0.0003,0.0514,0.05858,underexposure(high),False,True,False,False,False,False
555,over_blowout_0175.jpg,Exposure,overexposure_blowout,0,0,1,0,0,0,35.0,DEFECTIVE,69.9,DEGRADED,0.0087,0.0023,0.9943,0.0011,0.2738,0.0144,0.1906,overexposure(high),False,False,True,False,False,False
556,whiteout_sensor_0176.jpg,Exposure,whiteout,0,0,1,0,0,0,5.0,DEFECTIVE,5.0,DEFECTIVE,0.0,0.0,1.0,0.0,0.9587,0.0,0.24155,overexposure(high),False,False,True,False,False,False
557,under_realistic_0177.jpg,Exposure,underexposure_realistic,0,1,0,0,0,0,70.0,DEGRADED,70.6,DEGRADED,0.0003,0.9995,0.0001,0.0026,0.0005,0.2708,0.03844,underexposure(high),False,True,False,False,False,False
558,under_severe_0178.jpg,Exposure,underexposure_severe,0,1,0,0,0,0,50.0,DEGRADED,5.0,DEFECTIVE,0.0296,0.9966,0.0,0.0,0.0152,0.0204,0.06706,underexposure(high),False,True,False,False,False,False
559,over_blowout_0179.jpg,Exposure,overexposure_blowout,0,0,1,0,0,0,35.0,DEFECTIVE,69.6,DEGRADED,0.0011,0.0002,0.989,0.0028,0.0447,0.0297,0.19548,overexposure(high),False,False,True,False,False,False
560,whiteout_sensor_0180.jpg,Exposure,whiteout,0,0,1,0,0,0,5.0,DEFECTIVE,5.0,DEFECTIVE,0.0,0.0,1.0,0.0,0.9587,0.0,0.24155,overexposure(high),False,False,True,False,False,False
561,noise_film_0001.jpg,Noise,film_grain,0,0,0,1,0,0,82.0,ACCEPTABLE,53.0,DEGRADED,0.7217,0.0019,0.0002,0.9997,0.0,0.2543,0.12052,blur(high); noise(high),True,False,False,True,False,False
562,noise_high_iso_0002.jpg,Noise,high_iso,0,0,0,1,0,0,72.0,DEGRADED,63.0,DEGRADED,0.5155,0.0089,0.0001,1.0,0.0,0.2407,0.07262,blur(medium); noise(high),True,False,False,True,False,False
563,noise_severe_0003.jpg,Noise,severe_noise,0,0,0,1,0,0,58.0,DEGRADED,74.8,DEGRADED,0.0261,0.0012,0.0,1.0,0.0,0.2834,0.15553,noise(high),False,False,False,True,False,False
564,noise_film_0004.jpg,Noise,film_grain,0,0,0,1,0,0,82.0,ACCEPTABLE,74.8,DEGRADED,0.1475,0.0031,0.004,0.999,0.0,0.4306,0.11511,noise(high),False,False,False,True,False,False
565,noise_high_iso_0005.jpg,Noise,high_iso,0,0,0,1,0,0,72.0,DEGRADED,74.8,DEGRADED,0.1059,0.3299,0.0,1.0,0.0,0.1509,0.11456,noise(high),False,False,False,True,False,False
566,noise_severe_0006.jpg,Noise,severe_noise,0,0,0,1,0,0,58.0,DEGRADED,30.4,DEFECTIVE,0.0153,0.7824,0.0,1.0,0.0,0.0992,0.31343,noise(high); defect(high),False,False,False,True,False,True
567,noise_film_0007.jpg,Noise,film_grain,0,0,0,1,0,0,82.0,ACCEPTABLE,53.0,DEGRADED,0.7744,0.0067,0.0003,0.9995,0.0,0.2213,0.06515,blur(high); noise(high),True,False,False,True,False,False
568,noise_high_iso_0008.jpg,Noise,high_iso,0,0,0,1,0,0,72.0,DEGRADED,74.8,DEGRADED,0.2037,0.0008,0.0002,1.0,0.0,0.389,0.1021,noise(high),False,False,False,True,False,False
569,noise_severe_0009.jpg,Noise,severe_noise,0,0,0,1,0,0,58.0,DEGRADED,53.0,DEGRADED,0.0024,0.9427,0.0,1.0,0.0,0.0657,0.0694,underexposure(high); noise(high),False,True,False,True,False,False
570,noise_film_0010.jpg,Noise,film_grain,0,0,0,1,0,0,82.0,ACCEPTABLE,53.0,DEGRADED,0.8741,0.0229,0.0002,0.9997,0.0,0.091,0.03642,blur(high); noise(high),True,False,False,True,False,False
571,noise_high_iso_0011.jpg,Noise,high_iso,0,0,0,1,0,0,72.0,DEGRADED,53.0,DEGRADED,0.0222,0.9718,0.0,1.0,0.0,0.0377,0.16073,underexposure(high); noise(high),False,True,False,True,False,False
572,noise_severe_0012.jpg,Noise,severe_noise,0,0,0,1,0,0,58.0,DEGRADED,72.4,DEGRADED,0.0053,0.006,0.0,1.0,0.0,0.2446,0.22562,noise(high),False,False,False,True,False,False
573,noise_film_0013.jpg,Noise,film_grain,0,0,0,1,0,0,82.0,ACCEPTABLE,53.0,DEGRADED,0.9703,0.0094,0.0,0.9999,0.0,0.0251,0.05157,blur(high); noise(high),True,False,False,True,False,False
574,noise_high_iso_0014.jpg,Noise,high_iso,0,0,0,1,0,0,72.0,DEGRADED,74.8,DEGRADED,0.2404,0.0025,0.0001,1.0,0.0,0.3471,0.08395,noise(high),False,False,False,True,False,False
575,noise_severe_0015.jpg,Noise,severe_noise,0,0,0,1,0,0,58.0,DEGRADED,74.8,DEGRADED,0.015,0.0022,0.0,1.0,0.0,0.2711,0.16299,noise(high),False,False,False,True,False,False
576,noise_film_0016.jpg,Noise,film_grain,0,0,0,1,0,0,82.0,ACCEPTABLE,53.0,DEGRADED,0.8127,0.0105,0.0006,0.9971,0.0,0.1732,0.10343,blur(high); noise(high),True,False,False,True,False,False
577,noise_high_iso_0017.jpg,Noise,high_iso,0,0,0,1,0,0,72.0,DEGRADED,74.8,DEGRADED,0.2795,0.0699,0.0,1.0,0.0,0.2172,0.08238,noise(high),False,False,False,True,False,False
578,noise_severe_0018.jpg,Noise,severe_noise,0,0,0,1,0,0,58.0,DEGRADED,74.8,DEGRADED,0.1324,0.001,0.0,1.0,0.0,0.274,0.15437,noise(high),False,False,False,True,False,False
579,noise_film_0019.jpg,Noise,film_grain,0,0,0,1,0,0,82.0,ACCEPTABLE,53.0,DEGRADED,0.8805,0.0001,0.0,1.0,0.0,0.1142,0.06779,blur(high); noise(high),True,False,False,True,False,False
580,noise_high_iso_0020.jpg,Noise,high_iso,0,0,0,1,0,0,72.0,DEGRADED,53.0,DEGRADED,0.8595,0.0026,0.0,1.0,0.0,0.1209,0.05763,blur(high); noise(high),True,False,False,True,False,False
581,noise_severe_0021.jpg,Noise,severe_noise,0,0,0,1,0,0,58.0,DEGRADED,74.1,DEGRADED,0.0079,0.0012,0.0,1.0,0.0,0.2916,0.18954,noise(high),False,False,False,True,False,False
582,noise_film_0022.jpg,Noise,film_grain,0,0,0,1,0,0,82.0,ACCEPTABLE,50.9,DEGRADED,0.0175,0.0007,0.0013,0.9968,0.0,0.6309,0.16682,noise(high); defect(medium),False,False,False,True,False,True
583,noise_high_iso_0023.jpg,Noise,high_iso,0,0,0,1,0,0,72.0,DEGRADED,74.1,DEGRADED,0.1304,0.0029,0.0001,1.0,0.0,0.3703,0.19007,noise(high),False,False,False,True,False,False
584,noise_severe_0024.jpg,Noise,severe_noise,0,0,0,1,0,0,58.0,DEGRADED,74.8,DEGRADED,0.0189,0.0068,0.0,1.0,0.0,0.2264,0.11686,noise(high),False,False,False,True,False,False
585,noise_film_0025.jpg,Noise,film_grain,0,0,0,1,0,0,82.0,ACCEPTABLE,63.0,DEGRADED,0.6596,0.1691,0.0006,0.9982,0.0,0.1199,0.08491,blur(medium); noise(high),True,False,False,True,False,False
586,noise_high_iso_0026.jpg,Noise,high_iso,0,0,0,1,0,0,72.0,DEGRADED,63.0,DEGRADED,0.6629,0.4697,0.0,1.0,0.0,0.0343,0.04278,blur(medium); noise(high),True,False,False,True,False,False
587,noise_severe_0027.jpg,Noise,severe_noise,0,0,0,1,0,0,58.0,DEGRADED,72.6,DEGRADED,0.0187,0.0078,0.0,1.0,0.0,0.2482,0.22203,noise(high),False,False,False,True,False,False
588,noise_film_0028.jpg,Noise,film_grain,0,0,0,1,0,0,82.0,ACCEPTABLE,74.8,DEGRADED,0.0434,0.0006,0.0072,0.999,0.0,0.4515,0.14131,noise(high),False,False,False,True,False,False
589,noise_high_iso_0029.jpg,Noise,high_iso,0,0,0,1,0,0,72.0,DEGRADED,69.9,DEGRADED,0.416,0.0271,0.0,1.0,0.0,0.2123,0.08493,blur(low); noise(high),True,False,False,True,False,False
590,noise_severe_0030.jpg,Noise,severe_noise,0,0,0,1,0,0,58.0,DEGRADED,72.9,DEGRADED,0.0141,0.0014,0.0,1.0,0.0,0.2771,0.21573,noise(high),False,False,False,True,False,False
591,noise_film_0031.jpg,Noise,film_grain,0,0,0,1,0,0,82.0,ACCEPTABLE,74.8,DEGRADED,0.058,0.0016,0.0129,0.993,0.0003,0.3735,0.14926,noise(high),False,False,False,True,False,False
592,noise_high_iso_0032.jpg,Noise,high_iso,0,0,0,1,0,0,72.0,DEGRADED,74.8,DEGRADED,0.127,0.0045,0.0002,1.0,0.0,0.3572,0.11855,noise(high),False,False,False,True,False,False
593,noise_severe_0033.jpg,Noise,severe_noise,0,0,0,1,0,0,58.0,DEGRADED,33.6,DEFECTIVE,0.0271,0.0106,0.0,1.0,0.0,0.2119,0.24569,noise(high); defect(high),False,False,False,True,False,True
594,noise_film_0034.jpg,Noise,film_grain,0,0,0,1,0,0,82.0,ACCEPTABLE,49.0,DEGRADED,0.3041,0.0009,0.002,0.9994,0.0,0.4413,0.21413,noise(high); defect(medium),False,False,False,True,False,True
595,noise_high_iso_0035.jpg,Noise,high_iso,0,0,0,1,0,0,72.0,DEGRADED,73.4,DEGRADED,0.0632,0.0017,0.0001,1.0,0.0,0.3755,0.206,noise(high),False,False,False,True,False,False
596,noise_severe_0036.jpg,Noise,severe_noise,0,0,0,1,0,0,58.0,DEGRADED,51.8,DEGRADED,0.0078,0.9177,0.0,1.0,0.0,0.0667,0.20083,underexposure(high); noise(high),False,True,False,True,False,False
597,noise_film_0037.jpg,Noise,film_grain,0,0,0,1,0,0,82.0,ACCEPTABLE,10.8,DEFECTIVE,0.9142,0.0902,0.0,0.9999,0.0,0.0286,0.41782,blur(high); noise(high); defect(high),True,False,False,True,False,True
598,noise_high_iso_0038.jpg,Noise,high_iso,0,0,0,1,0,0,72.0,DEGRADED,63.0,DEGRADED,0.5663,0.0483,0.0,1.0,0.0,0.1503,0.15513,blur(medium); noise(high),True,False,False,True,False,False
599,noise_severe_0039.jpg,Noise,severe_noise,0,0,0,1,0,0,58.0,DEGRADED,74.8,DEGRADED,0.0308,0.0049,0.0,1.0,0.0,0.2444,0.16379,noise(high),False,False,False,True,False,False
600,noise_film_0040.jpg,Noise,film_grain,0,0,0,1,0,0,82.0,ACCEPTABLE,53.0,DEGRADED,0.9253,0.0016,0.0,0.9999,0.0,0.0926,0.03631,blur(high); noise(high),True,False,False,True,False,False
601,noise_high_iso_0041.jpg,Noise,high_iso,0,0,0,1,0,0,72.0,DEGRADED,74.8,DEGRADED,0.0562,0.0006,0.0001,1.0,0.0,0.3884,0.14539,noise(high),False,False,False,True,False,False
602,noise_severe_0042.jpg,Noise,severe_noise,0,0,0,1,0,0,58.0,DEGRADED,74.8,DEGRADED,0.0189,0.0004,0.0,1.0,0.0,0.3193,0.14687,noise(high),False,False,False,True,False,False
603,noise_film_0043.jpg,Noise,film_grain,0,0,0,1,0,0,82.0,ACCEPTABLE,60.0,DEGRADED,0.3003,0.0002,0.0004,0.9999,0.0,0.4256,0.19793,noise(high); defect(low),False,False,False,True,False,True
604,noise_high_iso_0044.jpg,Noise,high_iso,0,0,0,1,0,0,72.0,DEGRADED,74.8,DEGRADED,0.3392,0.0077,0.0001,1.0,0.0,0.3049,0.11276,noise(high),False,False,False,True,False,False
605,noise_severe_0045.jpg,Noise,severe_noise,0,0,0,1,0,0,58.0,DEGRADED,74.8,DEGRADED,0.0488,0.0028,0.0,1.0,0.0,0.2699,0.13788,noise(high),False,False,False,True,False,False
606,noise_film_0046.jpg,Noise,film_grain,0,0,0,1,0,0,82.0,ACCEPTABLE,53.0,DEGRADED,0.9582,0.0071,0.0,1.0,0.0,0.0339,0.02658,blur(high); noise(high),True,False,False,True,False,False
607,noise_high_iso_0047.jpg,Noise,high_iso,0,0,0,1,0,0,72.0,DEGRADED,74.8,DEGRADED,0.328,0.0176,0.0001,1.0,0.0,0.2812,0.11984,noise(high),False,False,False,True,False,False
608,noise_severe_0048.jpg,Noise,severe_noise,0,0,0,1,0,0,58.0,DEGRADED,74.8,DEGRADED,0.0037,0.0004,0.0,1.0,0.0,0.2947,0.10342,noise(high),False,False,False,True,False,False
609,noise_film_0049.jpg,Noise,film_grain,0,0,0,1,0,0,82.0,ACCEPTABLE,32.6,DEFECTIVE,0.1358,0.0035,0.0003,0.9998,0.0,0.4423,0.26771,noise(high); defect(high),False,False,False,True,False,True
610,noise_high_iso_0050.jpg,Noise,high_iso,0,0,0,1,0,0,72.0,DEGRADED,74.8,DEGRADED,0.0564,0.0008,0.0001,1.0,0.0,0.3872,0.14207,noise(high),False,False,False,True,False,False
611,noise_severe_0051.jpg,Noise,severe_noise,0,0,0,1,0,0,58.0,DEGRADED,74.5,DEGRADED,0.0178,0.0007,0.0,1.0,0.0,0.2988,0.18025,noise(high),False,False,False,True,False,False
612,noise_film_0052.jpg,Noise,film_grain,0,0,0,1,0,0,82.0,ACCEPTABLE,53.0,DEGRADED,0.8483,0.0516,0.0001,0.9998,0.0,0.1062,0.05776,blur(high); noise(high),True,False,False,True,False,False
613,noise_high_iso_0053.jpg,Noise,high_iso,0,0,0,1,0,0,72.0,DEGRADED,53.0,DEGRADED,0.7515,0.0136,0.0,1.0,0.0,0.1311,0.15152,blur(high); noise(high),True,False,False,True,False,False
614,noise_severe_0054.jpg,Noise,severe_noise,0,0,0,1,0,0,58.0,DEGRADED,74.8,DEGRADED,0.0107,0.0009,0.0,1.0,0.0,0.2887,0.16489,noise(high),False,False,False,True,False,False
615,noise_film_0055.jpg,Noise,film_grain,0,0,0,1,0,0,82.0,ACCEPTABLE,69.9,DEGRADED,0.4482,0.0046,0.0004,0.9997,0.0,0.3475,0.1343,blur(low); noise(high),True,False,False,True,False,False
616,noise_high_iso_0056.jpg,Noise,high_iso,0,0,0,1,0,0,72.0,DEGRADED,53.0,DEGRADED,0.7416,0.0626,0.0,1.0,0.0,0.0929,0.09582,blur(high); noise(high),True,False,False,True,False,False
617,noise_severe_0057.jpg,Noise,severe_noise,0,0,0,1,0,0,58.0,DEGRADED,74.8,DEGRADED,0.0149,0.0133,0.0,1.0,0.0,0.2056,0.16602,noise(high),False,False,False,True,False,False
618,noise_film_0058.jpg,Noise,film_grain,0,0,0,1,0,0,82.0,ACCEPTABLE,53.0,DEGRADED,0.9739,0.0029,0.0,1.0,0.0,0.0316,0.10113,blur(high); noise(high),True,False,False,True,False,False
619,noise_high_iso_0059.jpg,Noise,high_iso,0,0,0,1,0,0,72.0,DEGRADED,53.0,DEGRADED,0.7351,0.005,0.0,1.0,0.0,0.1789,0.0602,blur(high); noise(high),True,False,False,True,False,False
620,noise_severe_0060.jpg,Noise,severe_noise,0,0,0,1,0,0,58.0,DEGRADED,33.7,DEFECTIVE,0.0111,0.0005,0.0,1.0,0.0,0.3308,0.24263,noise(high); defect(high),False,False,False,True,False,True
621,noise_film_0061.jpg,Noise,film_grain,0,0,0,1,0,0,82.0,ACCEPTABLE,34.0,DEFECTIVE,0.2635,0.2835,0.0001,0.9994,0.0,0.1958,0.23665,noise(high); defect(high),False,False,False,True,False,True
622,noise_high_iso_0062.jpg,Noise,high_iso,0,0,0,1,0,0,72.0,DEGRADED,74.8,DEGRADED,0.1671,0.0036,0.0,1.0,0.0,0.3334,0.09249,noise(high),False,False,False,True,False,False
623,noise_severe_0063.jpg,Noise,severe_noise,0,0,0,1,0,0,58.0,DEGRADED,74.8,DEGRADED,0.0259,0.0011,0.0,1.0,0.0,0.3143,0.12503,noise(high),False,False,False,True,False,False
624,noise_film_0064.jpg,Noise,film_grain,0,0,0,1,0,0,82.0,ACCEPTABLE,69.9,DEGRADED,0.4753,0.0019,0.0009,0.9997,0.0,0.3804,0.08427,blur(low); noise(high),True,False,False,True,False,False
625,noise_high_iso_0065.jpg,Noise,high_iso,0,0,0,1,0,0,72.0,DEGRADED,74.8,DEGRADED,0.2121,0.002,0.0001,1.0,0.0,0.3641,0.09373,noise(high),False,False,False,True,False,False
626,noise_severe_0066.jpg,Noise,severe_noise,0,0,0,1,0,0,58.0,DEGRADED,74.8,DEGRADED,0.0135,0.0012,0.0,1.0,0.0,0.2801,0.17235,noise(high),False,False,False,True,False,False
627,noise_film_0067.jpg,Noise,film_grain,0,0,0,1,0,0,82.0,ACCEPTABLE,53.0,DEGRADED,0.8784,0.0682,0.0,1.0,0.0,0.0463,0.08401,blur(high); noise(high),True,False,False,True,False,False
628,noise_high_iso_0068.jpg,Noise,high_iso,0,0,0,1,0,0,72.0,DEGRADED,69.9,DEGRADED,0.3687,0.0023,0.0,1.0,0.0,0.2987,0.15234,blur(low); noise(high),True,False,False,True,False,False
629,noise_severe_0069.jpg,Noise,severe_noise,0,0,0,1,0,0,58.0,DEGRADED,31.3,DEFECTIVE,0.003,0.0002,0.0,1.0,0.0,0.3164,0.29473,noise(high); defect(high),False,False,False,True,False,True
630,noise_film_0070.jpg,Noise,film_grain,0,0,0,1,0,0,82.0,ACCEPTABLE,53.0,DEGRADED,0.9164,0.1656,0.0,1.0,0.0,0.0116,0.04199,blur(high); noise(high),True,False,False,True,False,False
631,noise_high_iso_0071.jpg,Noise,high_iso,0,0,0,1,0,0,72.0,DEGRADED,53.0,DEGRADED,0.9198,0.0052,0.0,1.0,0.0,0.0727,0.05468,blur(high); noise(high),True,False,False,True,False,False
632,noise_severe_0072.jpg,Noise,severe_noise,0,0,0,1,0,0,58.0,DEGRADED,74.8,DEGRADED,0.0266,0.0005,0.0,1.0,0.0,0.3157,0.16747,noise(high),False,False,False,True,False,False
633,noise_film_0073.jpg,Noise,film_grain,0,0,0,1,0,0,82.0,ACCEPTABLE,74.8,DEGRADED,0.0955,0.2951,0.0004,0.9992,0.0,0.2261,0.09012,noise(high),False,False,False,True,False,False
634,noise_high_iso_0074.jpg,Noise,high_iso,0,0,0,1,0,0,72.0,DEGRADED,74.2,DEGRADED,0.0867,0.0032,0.0002,1.0,0.0,0.3776,0.18786,noise(high),False,False,False,True,False,False
635,noise_severe_0075.jpg,Noise,severe_noise,0,0,0,1,0,0,58.0,DEGRADED,73.3,DEGRADED,0.1335,0.0061,0.0,1.0,0.0,0.223,0.20685,noise(high),False,False,False,True,False,False
636,noise_film_0076.jpg,Noise,film_grain,0,0,0,1,0,0,82.0,ACCEPTABLE,69.9,DEGRADED,0.4268,0.5721,0.0001,0.9982,0.0,0.0692,0.12063,blur(low); noise(high),True,False,False,True,False,False
637,noise_high_iso_0077.jpg,Noise,high_iso,0,0,0,1,0,0,72.0,DEGRADED,74.8,DEGRADED,0.1046,0.003,0.0002,1.0,0.0,0.3628,0.09884,noise(high),False,False,False,True,False,False
638,noise_severe_0078.jpg,Noise,severe_noise,0,0,0,1,0,0,58.0,DEGRADED,72.2,DEGRADED,0.0039,0.001,0.0,1.0,0.0,0.3225,0.23043,noise(high),False,False,False,True,False,False
639,noise_film_0079.jpg,Noise,film_grain,0,0,0,1,0,0,82.0,ACCEPTABLE,63.0,DEGRADED,0.4926,0.0014,0.0006,0.9998,0.0,0.3832,0.07037,blur(medium); noise(high),True,False,False,True,False,False
640,noise_high_iso_0080.jpg,Noise,high_iso,0,0,0,1,0,0,72.0,DEGRADED,63.0,DEGRADED,0.5196,0.0043,0.0,1.0,0.0,0.2508,0.0676,blur(medium); noise(high),True,False,False,True,False,False
641,noise_severe_0081.jpg,Noise,severe_noise,0,0,0,1,0,0,58.0,DEGRADED,26.4,DEFECTIVE,0.0036,0.1097,0.0,1.0,0.0,0.1975,0.47789,noise(high); defect(high),False,False,False,True,False,True
642,noise_film_0082.jpg,Noise,film_grain,0,0,0,1,0,0,82.0,ACCEPTABLE,53.0,DEGRADED,0.929,0.003,0.0,1.0,0.0,0.0744,0.05591,blur(high); noise(high),True,False,False,True,False,False
643,noise_high_iso_0083.jpg,Noise,high_iso,0,0,0,1,0,0,72.0,DEGRADED,74.4,DEGRADED,0.0134,0.0018,0.0003,1.0,0.0,0.4524,0.18236,noise(high),False,False,False,True,False,False
644,noise_severe_0084.jpg,Noise,severe_noise,0,0,0,1,0,0,58.0,DEGRADED,74.8,DEGRADED,0.0536,0.0018,0.0,1.0,0.0,0.3023,0.11781,noise(high),False,False,False,True,False,False
645,noise_film_0085.jpg,Noise,film_grain,0,0,0,1,0,0,82.0,ACCEPTABLE,53.0,DEGRADED,0.7978,0.0019,0.0,1.0,0.0,0.1971,0.05981,blur(high); noise(high),True,False,False,True,False,False
646,noise_high_iso_0086.jpg,Noise,high_iso,0,0,0,1,0,0,72.0,DEGRADED,74.8,DEGRADED,0.1879,0.0006,0.0002,1.0,0.0,0.416,0.12911,noise(high),False,False,False,True,False,False
647,noise_severe_0087.jpg,Noise,severe_noise,0,0,0,1,0,0,58.0,DEGRADED,74.8,DEGRADED,0.0274,0.0002,0.0,1.0,0.0,0.3443,0.14291,noise(high),False,False,False,True,False,False
648,noise_film_0088.jpg,Noise,film_grain,0,0,0,1,0,0,82.0,ACCEPTABLE,31.9,DEFECTIVE,0.0913,0.4798,0.0001,0.9995,0.0,0.1946,0.28203,noise(high); defect(high),False,False,False,True,False,True
649,noise_high_iso_0089.jpg,Noise,high_iso,0,0,0,1,0,0,72.0,DEGRADED,69.9,DEGRADED,0.3619,0.0175,0.0001,1.0,0.0,0.2647,0.06187,blur(low); noise(high),True,False,False,True,False,False
650,noise_severe_0090.jpg,Noise,severe_noise,0,0,0,1,0,0,58.0,DEGRADED,74.8,DEGRADED,0.0008,0.0018,0.0,1.0,0.0,0.3695,0.17527,noise(high),False,False,False,True,False,False
651,noise_film_0091.jpg,Noise,film_grain,0,0,0,1,0,0,82.0,ACCEPTABLE,74.8,DEGRADED,0.3223,0.0019,0.0006,0.9999,0.0,0.4235,0.07467,noise(high),False,False,False,True,False,False
652,noise_high_iso_0092.jpg,Noise,high_iso,0,0,0,1,0,0,72.0,DEGRADED,26.4,DEFECTIVE,0.0002,0.1249,0.0,0.9995,0.0,0.4342,0.40058,noise(high); defect(high),False,False,False,True,False,True
653,noise_severe_0093.jpg,Noise,severe_noise,0,0,0,1,0,0,58.0,DEGRADED,31.7,DEFECTIVE,0.0055,0.5651,0.0,1.0,0.0,0.1175,0.28714,noise(high); defect(high),False,False,False,True,False,True
654,noise_film_0094.jpg,Noise,film_grain,0,0,0,1,0,0,82.0,ACCEPTABLE,69.9,DEGRADED,0.3976,0.0019,0.0047,0.9961,0.0001,0.3918,0.08889,blur(low); noise(high),True,False,False,True,False,False
655,noise_high_iso_0095.jpg,Noise,high_iso,0,0,0,1,0,0,72.0,DEGRADED,74.8,DEGRADED,0.0141,0.0005,0.0001,1.0,0.0,0.3694,0.17198,noise(high),False,False,False,True,False,False
656,noise_severe_0096.jpg,Noise,severe_noise,0,0,0,1,0,0,58.0,DEGRADED,74.8,DEGRADED,0.0105,0.0022,0.0,1.0,0.0,0.2608,0.16147,noise(high),False,False,False,True,False,False
657,noise_film_0097.jpg,Noise,film_grain,0,0,0,1,0,0,82.0,ACCEPTABLE,53.0,DEGRADED,0.7829,0.0015,0.0001,1.0,0.0,0.1982,0.03743,blur(high); noise(high),True,False,False,True,False,False
658,noise_high_iso_0098.jpg,Noise,high_iso,0,0,0,1,0,0,72.0,DEGRADED,74.8,DEGRADED,0.097,0.0005,0.0002,1.0,0.0,0.4046,0.11232,noise(high),False,False,False,True,False,False
659,noise_severe_0099.jpg,Noise,severe_noise,0,0,0,1,0,0,58.0,DEGRADED,74.8,DEGRADED,0.0264,0.0002,0.0,1.0,0.0,0.3417,0.12879,noise(high),False,False,False,True,False,False
660,noise_film_0100.jpg,Noise,film_grain,0,0,0,1,0,0,82.0,ACCEPTABLE,74.8,DEGRADED,0.1653,0.0017,0.0057,0.9972,0.0001,0.3946,0.11186,noise(high),False,False,False,True,False,False
661,noise_high_iso_0101.jpg,Noise,high_iso,0,0,0,1,0,0,72.0,DEGRADED,33.6,DEFECTIVE,0.2143,0.0023,0.0001,1.0,0.0,0.3716,0.2459,noise(high); defect(high),False,False,False,True,False,True
662,noise_severe_0102.jpg,Noise,severe_noise,0,0,0,1,0,0,58.0,DEGRADED,74.8,DEGRADED,0.0152,0.0006,0.0,1.0,0.0,0.3209,0.13716,noise(high),False,False,False,True,False,False
663,noise_film_0103.jpg,Noise,film_grain,0,0,0,1,0,0,82.0,ACCEPTABLE,53.0,DEGRADED,0.6952,0.0042,0.0006,0.9995,0.0,0.2599,0.13959,blur(high); noise(high),True,False,False,True,False,False
664,noise_high_iso_0104.jpg,Noise,high_iso,0,0,0,1,0,0,72.0,DEGRADED,63.0,DEGRADED,0.5328,0.0694,0.0,1.0,0.0,0.1412,0.09286,blur(medium); noise(high),True,False,False,True,False,False
665,noise_severe_0105.jpg,Noise,severe_noise,0,0,0,1,0,0,58.0,DEGRADED,34.0,DEFECTIVE,0.008,0.0605,0.0,1.0,0.0,0.1978,0.23679,noise(high); defect(high),False,False,False,True,False,True
666,noise_film_0106.jpg,Noise,film_grain,0,0,0,1,0,0,82.0,ACCEPTABLE,53.0,DEGRADED,0.9596,0.0045,0.0,1.0,0.0,0.0408,0.10558,blur(high); noise(high),True,False,False,True,False,False
667,noise_high_iso_0107.jpg,Noise,high_iso,0,0,0,1,0,0,72.0,DEGRADED,32.8,DEFECTIVE,0.2975,0.3205,0.0,1.0,0.0,0.1087,0.26215,noise(high); defect(high),False,False,False,True,False,True
668,noise_severe_0108.jpg,Noise,severe_noise,0,0,0,1,0,0,58.0,DEGRADED,74.8,DEGRADED,0.02,0.0008,0.0,1.0,0.0,0.308,0.14637,noise(high),False,False,False,True,False,False
669,noise_film_0109.jpg,Noise,film_grain,0,0,0,1,0,0,82.0,ACCEPTABLE,74.8,DEGRADED,0.1838,0.0103,0.0029,0.9992,0.0,0.3717,0.09214,noise(high),False,False,False,True,False,False
670,noise_high_iso_0110.jpg,Noise,high_iso,0,0,0,1,0,0,72.0,DEGRADED,53.0,DEGRADED,0.6832,0.0042,0.0,1.0,0.0,0.1974,0.06307,blur(high); noise(high),True,False,False,True,False,False
671,noise_severe_0111.jpg,Noise,severe_noise,0,0,0,1,0,0,58.0,DEGRADED,74.8,DEGRADED,0.0655,0.0048,0.0,1.0,0.0,0.2534,0.11852,noise(high),False,False,False,True,False,False
672,noise_film_0112.jpg,Noise,film_grain,0,0,0,1,0,0,82.0,ACCEPTABLE,53.0,DEGRADED,0.9024,0.0066,0.0002,0.9996,0.0,0.1038,0.07347,blur(high); noise(high),True,False,False,True,False,False
673,noise_high_iso_0113.jpg,Noise,high_iso,0,0,0,1,0,0,72.0,DEGRADED,74.8,DEGRADED,0.2304,0.0098,0.0001,1.0,0.0,0.3174,0.11146,noise(high),False,False,False,True,False,False
674,noise_severe_0114.jpg,Noise,severe_noise,0,0,0,1,0,0,58.0,DEGRADED,60.1,DEGRADED,0.0013,0.0001,0.0,1.0,0.0,0.4061,0.19592,noise(high); defect(low),False,False,False,True,False,True
675,noise_film_0115.jpg,Noise,film_grain,0,0,0,1,0,0,82.0,ACCEPTABLE,74.8,DEGRADED,0.2471,0.0014,0.0015,0.9997,0.0,0.443,0.08808,noise(high),False,False,False,True,False,False
676,noise_high_iso_0116.jpg,Noise,high_iso,0,0,0,1,0,0,72.0,DEGRADED,74.8,DEGRADED,0.0448,0.0066,0.0001,1.0,0.0,0.3181,0.17306,noise(high),False,False,False,True,False,False
677,noise_severe_0117.jpg,Noise,severe_noise,0,0,0,1,0,0,58.0,DEGRADED,74.8,DEGRADED,0.0286,0.0007,0.0,1.0,0.0,0.3156,0.15657,noise(high),False,False,False,True,False,False
678,noise_film_0118.jpg,Noise,film_grain,0,0,0,1,0,0,82.0,ACCEPTABLE,63.0,DEGRADED,0.4861,0.0262,0.0004,0.9997,0.0,0.2851,0.07738,blur(medium); noise(high),True,False,False,True,False,False
679,noise_high_iso_0119.jpg,Noise,high_iso,0,0,0,1,0,0,72.0,DEGRADED,53.0,DEGRADED,0.6798,0.0308,0.0,1.0,0.0,0.1196,0.13399,blur(high); noise(high),True,False,False,True,False,False
680,noise_severe_0120.jpg,Noise,severe_noise,0,0,0,1,0,0,58.0,DEGRADED,74.5,DEGRADED,0.0222,0.0026,0.0,1.0,0.0,0.261,0.1802,noise(high),False,False,False,True,False,False
681,noise_film_0121.jpg,Noise,film_grain,0,0,0,1,0,0,82.0,ACCEPTABLE,74.8,DEGRADED,0.3006,0.0003,0.001,0.9998,0.0,0.4345,0.16355,noise(high),False,False,False,True,False,False
682,noise_high_iso_0122.jpg,Noise,high_iso,0,0,0,1,0,0,72.0,DEGRADED,63.0,DEGRADED,0.6559,0.0464,0.0001,1.0,0.0,0.1581,0.11747,blur(medium); noise(high),True,False,False,True,False,False
683,noise_severe_0123.jpg,Noise,severe_noise,0,0,0,1,0,0,58.0,DEGRADED,74.8,DEGRADED,0.0156,0.0005,0.0,1.0,0.0,0.3061,0.15972,noise(high),False,False,False,True,False,False
684,noise_film_0124.jpg,Noise,film_grain,0,0,0,1,0,0,82.0,ACCEPTABLE,53.0,DEGRADED,0.9497,0.0025,0.0,1.0,0.0,0.0553,0.10616,blur(high); noise(high),True,False,False,True,False,False
685,noise_high_iso_0125.jpg,Noise,high_iso,0,0,0,1,0,0,72.0,DEGRADED,26.5,DEFECTIVE,0.0032,0.0003,0.0001,1.0,0.0,0.4669,0.39917,noise(high); defect(high),False,False,False,True,False,True
686,noise_severe_0126.jpg,Noise,severe_noise,0,0,0,1,0,0,58.0,DEGRADED,73.9,DEGRADED,0.0059,0.008,0.0,1.0,0.0,0.2206,0.1941,noise(high),False,False,False,True,False,False
687,noise_film_0127.jpg,Noise,film_grain,0,0,0,1,0,0,82.0,ACCEPTABLE,53.0,DEGRADED,0.865,0.0042,0.0002,0.9996,0.0,0.1466,0.05836,blur(high); noise(high),True,False,False,True,False,False
688,noise_high_iso_0128.jpg,Noise,high_iso,0,0,0,1,0,0,72.0,DEGRADED,74.8,DEGRADED,0.1078,0.0024,0.0001,1.0,0.0,0.3674,0.14099,noise(high),False,False,False,True,False,False
689,noise_severe_0129.jpg,Noise,severe_noise,0,0,0,1,0,0,58.0,DEGRADED,32.2,DEFECTIVE,0.0004,0.0004,0.0,1.0,0.0,0.365,0.27487,noise(high); defect(high),False,False,False,True,False,True
690,noise_film_0130.jpg,Noise,film_grain,0,0,0,1,0,0,82.0,ACCEPTABLE,53.0,DEGRADED,0.9254,0.0029,0.0,0.9999,0.0,0.0821,0.08964,blur(high); noise(high),True,False,False,True,False,False
691,noise_high_iso_0131.jpg,Noise,high_iso,0,0,0,1,0,0,72.0,DEGRADED,59.2,DEGRADED,0.0871,0.0006,0.0002,1.0,0.0,0.4045,0.21612,noise(high); defect(low),False,False,False,True,False,True
692,noise_severe_0132.jpg,Noise,severe_noise,0,0,0,1,0,0,58.0,DEGRADED,74.8,DEGRADED,0.0102,0.0003,0.0,1.0,0.0,0.3391,0.16085,noise(high),False,False,False,True,False,False
693,noise_film_0133.jpg,Noise,film_grain,0,0,0,1,0,0,82.0,ACCEPTABLE,53.0,DEGRADED,0.948,0.0083,0.0,1.0,0.0,0.0407,0.03415,blur(high); noise(high),True,False,False,True,False,False
694,noise_high_iso_0134.jpg,Noise,high_iso,0,0,0,1,0,0,72.0,DEGRADED,63.0,DEGRADED,0.488,0.0056,0.0001,1.0,0.0,0.2554,0.09207,blur(medium); noise(high),True,False,False,True,False,False
695,noise_severe_0135.jpg,Noise,severe_noise,0,0,0,1,0,0,58.0,DEGRADED,74.8,DEGRADED,0.0018,0.0002,0.0,1.0,0.0,0.3844,0.16333,noise(high),False,False,False,True,False,False
696,noise_film_0136.jpg,Noise,film_grain,0,0,0,1,0,0,82.0,ACCEPTABLE,53.0,DEGRADED,0.8112,0.006,0.0001,0.9999,0.0,0.1708,0.10315,blur(high); noise(high),True,False,False,True,False,False
697,noise_high_iso_0137.jpg,Noise,high_iso,0,0,0,1,0,0,72.0,DEGRADED,53.0,DEGRADED,0.6792,0.0052,0.0,1.0,0.0,0.1958,0.13354,blur(high); noise(high),True,False,False,True,False,False
698,noise_severe_0138.jpg,Noise,severe_noise,0,0,0,1,0,0,58.0,DEGRADED,29.4,DEFECTIVE,0.0032,0.0021,0.0,1.0,0.0,0.2446,0.33532,noise(high); defect(high),False,False,False,True,False,True
699,noise_film_0139.jpg,Noise,film_grain,0,0,0,1,0,0,82.0,ACCEPTABLE,53.0,DEGRADED,0.9447,0.0106,0.0,0.9999,0.0,0.0492,0.06191,blur(high); noise(high),True,False,False,True,False,False
700,noise_high_iso_0140.jpg,Noise,high_iso,0,0,0,1,0,0,72.0,DEGRADED,69.9,DEGRADED,0.4658,0.0093,0.0,1.0,0.0,0.2389,0.09082,blur(low); noise(high),True,False,False,True,False,False
701,noise_severe_0141.jpg,Noise,severe_noise,0,0,0,1,0,0,58.0,DEGRADED,74.8,DEGRADED,0.0892,0.0031,0.0,1.0,0.0,0.2621,0.14551,noise(high),False,False,False,True,False,False
702,noise_film_0142.jpg,Noise,film_grain,0,0,0,1,0,0,82.0,ACCEPTABLE,69.9,DEGRADED,0.3797,0.0005,0.0007,0.9998,0.0,0.4124,0.10419,blur(low); noise(high),True,False,False,True,False,False
703,noise_high_iso_0143.jpg,Noise,high_iso,0,0,0,1,0,0,72.0,DEGRADED,59.2,DEGRADED,0.1309,0.0007,0.0002,1.0,0.0,0.4142,0.21471,noise(high); defect(low),False,False,False,True,False,True
704,noise_severe_0144.jpg,Noise,severe_noise,0,0,0,1,0,0,58.0,DEGRADED,74.8,DEGRADED,0.0101,0.0002,0.0,1.0,0.0,0.3257,0.12305,noise(high),False,False,False,True,False,False
705,noise_film_0145.jpg,Noise,film_grain,0,0,0,1,0,0,82.0,ACCEPTABLE,63.0,DEGRADED,0.5371,0.0011,0.0001,1.0,0.0,0.3277,0.06586,blur(medium); noise(high),True,False,False,True,False,False
706,noise_high_iso_0146.jpg,Noise,high_iso,0,0,0,1,0,0,72.0,DEGRADED,63.0,DEGRADED,0.6377,0.0036,0.0,1.0,0.0,0.2205,0.11439,blur(medium); noise(high),True,False,False,True,False,False
707,noise_severe_0147.jpg,Noise,severe_noise,0,0,0,1,0,0,58.0,DEGRADED,74.8,DEGRADED,0.0031,0.0005,0.0,1.0,0.0,0.2856,0.16915,noise(high),False,False,False,True,False,False
708,noise_film_0148.jpg,Noise,film_grain,0,0,0,1,0,0,82.0,ACCEPTABLE,53.0,DEGRADED,0.9108,0.0014,0.0,1.0,0.0,0.0795,0.0528,blur(high); noise(high),True,False,False,True,False,False
709,noise_high_iso_0149.jpg,Noise,high_iso,0,0,0,1,0,0,72.0,DEGRADED,74.8,DEGRADED,0.0531,0.0574,0.0001,1.0,0.0,0.2304,0.16576,noise(high),False,False,False,True,False,False
710,noise_severe_0150.jpg,Noise,severe_noise,0,0,0,1,0,0,58.0,DEGRADED,27.4,DEFECTIVE,0.0031,0.0003,0.0,1.0,0.0,0.3012,0.37838,noise(high); defect(high),False,False,False,True,False,True
711,noise_film_0151.jpg,Noise,film_grain,0,0,0,1,0,0,82.0,ACCEPTABLE,74.8,DEGRADED,0.1632,0.0005,0.0055,0.9992,0.0,0.4467,0.13534,noise(high),False,False,False,True,False,False
712,noise_high_iso_0152.jpg,Noise,high_iso,0,0,0,1,0,0,72.0,DEGRADED,74.8,DEGRADED,0.3226,0.1634,0.0,1.0,0.0,0.1594,0.09457,noise(high),False,False,False,True,False,False
713,noise_severe_0153.jpg,Noise,severe_noise,0,0,0,1,0,0,58.0,DEGRADED,74.8,DEGRADED,0.0006,0.0005,0.0,1.0,0.0,0.3822,0.14834,noise(high),False,False,False,True,False,False
714,noise_film_0154.jpg,Noise,film_grain,0,0,0,1,0,0,82.0,ACCEPTABLE,53.0,DEGRADED,0.9483,0.0339,0.0,0.9999,0.0,0.0315,0.04052,blur(high); noise(high),True,False,False,True,False,False
715,noise_high_iso_0155.jpg,Noise,high_iso,0,0,0,1,0,0,72.0,DEGRADED,13.5,DEFECTIVE,0.9771,0.0155,0.0,1.0,0.0,0.0145,0.34247,blur(high); noise(high); defect(high),True,False,False,True,False,True
716,noise_severe_0156.jpg,Noise,severe_noise,0,0,0,1,0,0,58.0,DEGRADED,74.8,DEGRADED,0.0133,0.0002,0.0,1.0,0.0,0.3624,0.11497,noise(high),False,False,False,True,False,False
717,noise_film_0157.jpg,Noise,film_grain,0,0,0,1,0,0,82.0,ACCEPTABLE,53.0,DEGRADED,0.8628,0.0018,0.0001,0.9999,0.0,0.1436,0.09841,blur(high); noise(high),True,False,False,True,False,False
718,noise_high_iso_0158.jpg,Noise,high_iso,0,0,0,1,0,0,72.0,DEGRADED,69.9,DEGRADED,0.4182,0.0084,0.0,1.0,0.0,0.2592,0.08054,blur(low); noise(high),True,False,False,True,False,False
719,noise_severe_0159.jpg,Noise,severe_noise,0,0,0,1,0,0,58.0,DEGRADED,72.9,DEGRADED,0.0045,0.0003,0.0,1.0,0.0,0.3105,0.21637,noise(high),False,False,False,True,False,False
720,noise_film_0160.jpg,Noise,film_grain,0,0,0,1,0,0,82.0,ACCEPTABLE,63.0,DEGRADED,0.5715,0.0021,0.0004,0.9998,0.0,0.3302,0.1237,blur(medium); noise(high),True,False,False,True,False,False
721,noise_high_iso_0161.jpg,Noise,high_iso,0,0,0,1,0,0,72.0,DEGRADED,74.8,DEGRADED,0.2618,0.0023,0.0003,1.0,0.0,0.3796,0.15444,noise(high),False,False,False,True,False,False
722,noise_severe_0162.jpg,Noise,severe_noise,0,0,0,1,0,0,58.0,DEGRADED,32.8,DEFECTIVE,0.0025,0.0013,0.0,1.0,0.0,0.3129,0.26141,noise(high); defect(high),False,False,False,True,False,True
723,noise_film_0163.jpg,Noise,film_grain,0,0,0,1,0,0,82.0,ACCEPTABLE,48.9,DEGRADED,0.1814,0.0043,0.0019,0.9996,0.0,0.4322,0.21805,noise(high); defect(medium),False,False,False,True,False,True
724,noise_high_iso_0164.jpg,Noise,high_iso,0,0,0,1,0,0,72.0,DEGRADED,32.2,DEFECTIVE,0.0473,0.0041,0.0001,1.0,0.0,0.3439,0.27448,noise(high); defect(high),False,False,False,True,False,True
725,noise_severe_0165.jpg,Noise,severe_noise,0,0,0,1,0,0,58.0,DEGRADED,74.8,DEGRADED,0.074,0.0128,0.0,1.0,0.0,0.2202,0.10937,noise(high),False,False,False,True,False,False
726,noise_film_0166.jpg,Noise,film_grain,0,0,0,1,0,0,82.0,ACCEPTABLE,63.0,DEGRADED,0.5891,0.0005,0.0003,0.9998,0.0,0.3113,0.15512,blur(medium); noise(high),True,False,False,True,False,False
727,noise_high_iso_0167.jpg,Noise,high_iso,0,0,0,1,0,0,72.0,DEGRADED,32.5,DEFECTIVE,0.2555,0.0031,0.0001,1.0,0.0,0.3439,0.26778,noise(high); defect(high),False,False,False,True,False,True
728,noise_severe_0168.jpg,Noise,severe_noise,0,0,0,1,0,0,58.0,DEGRADED,72.8,DEGRADED,0.0039,0.001,0.0,1.0,0.0,0.2628,0.21787,noise(high),False,False,False,True,False,False
729,noise_film_0169.jpg,Noise,film_grain,0,0,0,1,0,0,82.0,ACCEPTABLE,74.8,DEGRADED,0.1786,0.0003,0.0013,0.9997,0.0,0.4643,0.14455,noise(high),False,False,False,True,False,False
730,noise_high_iso_0170.jpg,Noise,high_iso,0,0,0,1,0,0,72.0,DEGRADED,69.9,DEGRADED,0.363,0.0041,0.0001,1.0,0.0,0.2932,0.10096,blur(low); noise(high),True,False,False,True,False,False
731,noise_severe_0171.jpg,Noise,severe_noise,0,0,0,1,0,0,58.0,DEGRADED,30.2,DEFECTIVE,0.0046,0.008,0.0,1.0,0.0,0.2386,0.31799,noise(high); defect(high),False,False,False,True,False,True
732,noise_film_0172.jpg,Noise,film_grain,0,0,0,1,0,0,82.0,ACCEPTABLE,53.0,DEGRADED,0.9514,0.0021,0.0,0.9999,0.0,0.0704,0.12177,blur(high); noise(high),True,False,False,True,False,False
733,noise_high_iso_0173.jpg,Noise,high_iso,0,0,0,1,0,0,72.0,DEGRADED,69.9,DEGRADED,0.392,0.0055,0.0001,1.0,0.0,0.2849,0.10991,blur(low); noise(high),True,False,False,True,False,False
734,noise_severe_0174.jpg,Noise,severe_noise,0,0,0,1,0,0,58.0,DEGRADED,33.7,DEFECTIVE,0.0067,0.0011,0.0,1.0,0.0,0.3157,0.24346,noise(high); defect(high),False,False,False,True,False,True
735,noise_film_0175.jpg,Noise,film_grain,0,0,0,1,0,0,82.0,ACCEPTABLE,53.0,DEGRADED,0.0444,0.9353,0.0,0.9998,0.0,0.0714,0.06514,underexposure(high); noise(high),False,True,False,True,False,False
736,noise_high_iso_0176.jpg,Noise,high_iso,0,0,0,1,0,0,72.0,DEGRADED,53.0,DEGRADED,0.0551,0.9209,0.0,1.0,0.0,0.0567,0.10369,underexposure(high); noise(high),False,True,False,True,False,False
737,noise_severe_0177.jpg,Noise,severe_noise,0,0,0,1,0,0,58.0,DEGRADED,74.8,DEGRADED,0.026,0.0003,0.0,1.0,0.0,0.3321,0.1257,noise(high),False,False,False,True,False,False
738,noise_film_0178.jpg,Noise,film_grain,0,0,0,1,0,0,82.0,ACCEPTABLE,74.8,DEGRADED,0.2051,0.0017,0.0078,0.9972,0.0001,0.4167,0.10308,noise(high),False,False,False,True,False,False
739,noise_high_iso_0179.jpg,Noise,high_iso,0,0,0,1,0,0,72.0,DEGRADED,74.7,DEGRADED,0.1037,0.0395,0.0001,1.0,0.0,0.2542,0.17642,noise(high),False,False,False,True,False,False
740,noise_severe_0180.jpg,Noise,severe_noise,0,0,0,1,0,0,58.0,DEGRADED,74.8,DEGRADED,0.011,0.0132,0.0,1.0,0.0,0.2228,0.12989,noise(high),False,False,False,True,False,False
741,corrupt_jpeg_heavy_0001.jpg,Corruption,jpeg_blockiness,0,0,0,0,1,0,68.0,DEGRADED,72.0,DEGRADED,0.0562,0.0,0.0403,0.0,0.9974,0.0003,0.13486,corruption(high),False,False,False,False,True,False
742,corrupt_jpeg_web_0002.jpg,Corruption,web_compression,0,0,0,0,1,0,78.0,ACCEPTABLE,72.0,DEGRADED,0.009,0.0013,0.0121,0.0,0.7468,0.2294,0.11009,corruption(high),False,False,False,False,True,False
743,corrupt_posterization_0003.jpg,Corruption,posterization,0,0,0,0,1,0,65.0,DEGRADED,58.7,DEGRADED,0.0014,0.8793,0.0018,0.0017,0.019,0.582,0.17065,underexposure(medium); defect(medium),False,True,False,False,False,True
744,corrupt_jpeg_heavy_0004.jpg,Corruption,jpeg_blockiness,0,0,0,0,1,0,68.0,DEGRADED,70.5,DEGRADED,0.2192,0.0017,0.0061,0.0,0.9665,0.0357,0.20727,corruption(high),False,False,False,False,True,False
745,corrupt_jpeg_web_0005.jpg,Corruption,web_compression,0,0,0,0,1,0,78.0,ACCEPTABLE,72.0,DEGRADED,0.0386,0.0014,0.0446,0.0,0.8182,0.0742,0.15118,corruption(high),False,False,False,False,True,False
746,corrupt_posterization_0006.jpg,Corruption,posterization,0,0,0,0,1,0,65.0,DEGRADED,47.9,DEGRADED,0.0007,0.9986,0.0002,0.0006,0.0038,0.5748,0.13563,underexposure(high); defect(medium),False,True,False,False,False,True
747,corrupt_jpeg_heavy_0007.jpg,Corruption,jpeg_blockiness,0,0,0,0,1,0,68.0,DEGRADED,9.4,DEFECTIVE,0.7258,0.0769,0.0252,0.0002,0.767,0.0574,0.41019,blur(high); corruption(high); defect(high),True,False,False,False,True,True
748,corrupt_jpeg_web_0008.jpg,Corruption,web_compression,0,0,0,0,1,0,78.0,ACCEPTABLE,51.0,DEGRADED,0.8029,0.0096,0.0079,0.0,0.8911,0.0241,0.10197,blur(high); corruption(high),True,False,False,False,True,False
749,corrupt_posterization_0009.jpg,Corruption,posterization,0,0,0,0,1,0,65.0,DEGRADED,54.5,DEGRADED,0.0015,0.3857,0.0032,0.0008,0.0707,0.648,0.15185,defect(high),False,False,False,False,False,True
750,corrupt_jpeg_heavy_0010.jpg,Corruption,jpeg_blockiness,0,0,0,0,1,0,68.0,DEGRADED,60.2,DEGRADED,0.6359,0.0071,0.0075,0.0,0.9154,0.0507,0.0327,blur(medium); corruption(high),True,False,False,False,True,False
751,corrupt_jpeg_web_0011.jpg,Corruption,web_compression,0,0,0,0,1,0,78.0,ACCEPTABLE,72.0,DEGRADED,0.0111,0.0003,0.0748,0.0,0.962,0.0253,0.12446,corruption(high),False,False,False,False,True,False
752,corrupt_posterization_0012.jpg,Corruption,posterization,0,0,0,0,1,0,65.0,DEGRADED,68.5,DEGRADED,0.0022,0.0222,0.0095,0.0346,0.0081,0.6127,0.08462,defect(medium),False,False,False,False,False,True
753,corrupt_jpeg_heavy_0013.jpg,Corruption,jpeg_blockiness,0,0,0,0,1,0,68.0,DEGRADED,71.0,DEGRADED,0.1744,0.0012,0.0029,0.0,0.9718,0.0629,0.19675,corruption(high),False,False,False,False,True,False
754,corrupt_jpeg_web_0014.jpg,Corruption,web_compression,0,0,0,0,1,0,78.0,ACCEPTABLE,90.1,ACCEPTABLE,0.4621,0.0047,0.013,0.0001,0.5263,0.2,0.09585,blur(low); corruption(low),True,False,False,False,True,False
755,corrupt_posterization_0015.jpg,Corruption,posterization,0,0,0,0,1,0,65.0,DEGRADED,68.5,DEGRADED,0.0034,0.1614,0.0077,0.002,0.0749,0.5849,0.13822,defect(medium),False,False,False,False,False,True
756,corrupt_jpeg_heavy_0016.jpg,Corruption,jpeg_blockiness,0,0,0,0,1,0,68.0,DEGRADED,51.0,DEGRADED,0.7229,0.0281,0.0177,0.0001,0.8682,0.0667,0.02598,blur(high); corruption(high),True,False,False,False,True,False
757,corrupt_jpeg_web_0017.jpg,Corruption,web_compression,0,0,0,0,1,0,78.0,ACCEPTABLE,100.0,ACCEPTABLE,0.2737,0.0073,0.0078,0.0002,0.3262,0.1576,0.10501,None,False,False,False,False,False,False
758,corrupt_posterization_0018.jpg,Corruption,posterization,0,0,0,0,1,0,65.0,DEGRADED,54.5,DEGRADED,0.0002,0.1307,0.0005,0.0143,0.0014,0.6877,0.07405,defect(high),False,False,False,False,False,True
759,corrupt_jpeg_heavy_0019.jpg,Corruption,jpeg_blockiness,0,0,0,0,1,0,68.0,DEGRADED,31.7,DEFECTIVE,0.0866,0.0003,0.0117,0.0,0.9914,0.0125,0.24458,corruption(high); defect(high),False,False,False,False,True,True
760,corrupt_jpeg_web_0020.jpg,Corruption,web_compression,0,0,0,0,1,0,78.0,ACCEPTABLE,68.1,DEGRADED,0.0091,0.0001,0.4049,0.0,0.9559,0.0106,0.12549,overexposure(low); corruption(high),False,False,True,False,True,False
761,corrupt_posterization_0021.jpg,Corruption,posterization,0,0,0,0,1,0,65.0,DEGRADED,68.5,DEGRADED,0.0011,0.0073,0.0028,0.0051,0.037,0.6126,0.08723,defect(medium),False,False,False,False,False,True
762,corrupt_jpeg_heavy_0022.jpg,Corruption,jpeg_blockiness,0,0,0,0,1,0,68.0,DEGRADED,72.0,DEGRADED,0.3264,0.0028,0.0112,0.0,0.9591,0.0369,0.0478,corruption(high),False,False,False,False,True,False
763,corrupt_jpeg_web_0023.jpg,Corruption,web_compression,0,0,0,0,1,0,78.0,ACCEPTABLE,93.0,ACCEPTABLE,0.3798,0.003,0.0881,0.0084,0.2562,0.2175,0.1274,blur(low),True,False,False,False,False,False
764,corrupt_posterization_0024.jpg,Corruption,posterization,0,0,0,0,1,0,65.0,DEGRADED,54.5,DEFECTIVE,0.0003,0.3902,0.0008,0.0026,0.0044,0.7099,0.0821,defect(high),False,False,False,False,False,True
765,corrupt_jpeg_heavy_0025.jpg,Corruption,jpeg_blockiness,0,0,0,0,1,0,68.0,DEGRADED,72.0,DEGRADED,0.225,0.0019,0.0347,0.0,0.9611,0.0312,0.12887,corruption(high),False,False,False,False,True,False
766,corrupt_jpeg_web_0026.jpg,Corruption,web_compression,0,0,0,0,1,0,78.0,ACCEPTABLE,100.0,ACCEPTABLE,0.3024,0.0502,0.0131,0.0005,0.2202,0.1673,0.05872,None,False,False,False,False,False,False
767,corrupt_posterization_0027.jpg,Corruption,posterization,0,0,0,0,1,0,65.0,DEGRADED,33.9,DEFECTIVE,0.0005,0.9367,0.0005,0.0002,0.0297,0.6791,0.15819,underexposure(high); defect(high),False,True,False,False,False,True
768,corrupt_jpeg_heavy_0028.jpg,Corruption,jpeg_blockiness,0,0,0,0,1,0,68.0,DEGRADED,51.0,DEGRADED,0.8095,0.0179,0.0075,0.0,0.8722,0.0339,0.10702,blur(high); corruption(high),True,False,False,False,True,False
769,corrupt_jpeg_web_0029.jpg,Corruption,web_compression,0,0,0,0,1,0,78.0,ACCEPTABLE,72.0,DEGRADED,0.3085,0.0107,0.0183,0.0001,0.8593,0.1532,0.03505,corruption(high),False,False,False,False,True,False
770,corrupt_posterization_0030.jpg,Corruption,posterization,0,0,0,0,1,0,65.0,DEGRADED,53.5,DEGRADED,0.0008,0.1991,0.003,0.0189,0.0049,0.6162,0.19731,defect(high),False,False,False,False,False,True
771,corrupt_jpeg_heavy_0031.jpg,Corruption,jpeg_blockiness,0,0,0,0,1,0,68.0,DEGRADED,69.6,DEGRADED,0.1374,0.0159,0.0083,0.0,0.91,0.1706,0.22738,corruption(high),False,False,False,False,True,False
772,corrupt_jpeg_web_0032.jpg,Corruption,web_compression,0,0,0,0,1,0,78.0,ACCEPTABLE,72.0,DEGRADED,0.0576,0.0013,0.0127,0.0,0.9708,0.0467,0.06838,corruption(high),False,False,False,False,True,False
773,corrupt_posterization_0033.jpg,Corruption,posterization,0,0,0,0,1,0,65.0,DEGRADED,68.5,DEGRADED,0.0021,0.0868,0.0041,0.0068,0.0117,0.6182,0.09294,defect(medium),False,False,False,False,False,True
774,corrupt_jpeg_heavy_0034.jpg,Corruption,jpeg_blockiness,0,0,0,0,1,0,68.0,DEGRADED,72.0,DEGRADED,0.2537,0.0011,0.0111,0.0,0.9577,0.0357,0.072,corruption(high),False,False,False,False,True,False
775,corrupt_jpeg_web_0035.jpg,Corruption,web_compression,0,0,0,0,1,0,78.0,ACCEPTABLE,72.0,DEGRADED,0.1783,0.0008,0.0113,0.0,0.8556,0.1067,0.06416,corruption(high),False,False,False,False,True,False
776,corrupt_posterization_0036.jpg,Corruption,posterization,0,0,0,0,1,0,65.0,DEGRADED,68.5,DEGRADED,0.0005,0.0321,0.0019,0.0014,0.0273,0.656,0.09865,defect(medium),False,False,False,False,False,True
777,corrupt_jpeg_heavy_0037.jpg,Corruption,jpeg_blockiness,0,0,0,0,1,0,68.0,DEGRADED,72.0,DEGRADED,0.341,0.0156,0.008,0.0,0.9526,0.103,0.08257,corruption(high),False,False,False,False,True,False
778,corrupt_jpeg_web_0038.jpg,Corruption,web_compression,0,0,0,0,1,0,78.0,ACCEPTABLE,80.4,DEGRADED,0.0119,0.0024,0.0229,0.0004,0.3795,0.49,0.143,defect(low),False,False,False,False,False,True
779,corrupt_posterization_0039.jpg,Corruption,posterization,0,0,0,0,1,0,65.0,DEGRADED,51.8,DEGRADED,0.0004,0.0083,0.0043,0.0047,0.0073,0.6819,0.23207,defect(high),False,False,False,False,False,True
780,corrupt_jpeg_heavy_0040.jpg,Corruption,jpeg_blockiness,0,0,0,0,1,0,68.0,DEGRADED,67.1,DEGRADED,0.3626,0.0302,0.0176,0.0,0.9626,0.0261,0.05235,blur(low); corruption(high),True,False,False,False,True,False
781,corrupt_jpeg_web_0041.jpg,Corruption,web_compression,0,0,0,0,1,0,78.0,ACCEPTABLE,70.6,DEGRADED,0.7606,0.0045,0.102,0.0004,0.4663,0.0269,0.0329,blur(high),True,False,False,False,False,False
782,corrupt_posterization_0042.jpg,Corruption,posterization,0,0,0,0,1,0,65.0,DEGRADED,68.5,DEGRADED,0.0019,0.014,0.0043,0.001,0.0419,0.6422,0.07604,defect(medium),False,False,False,False,False,True
783,corrupt_jpeg_heavy_0043.jpg,Corruption,jpeg_blockiness,0,0,0,0,1,0,68.0,DEGRADED,72.0,DEGRADED,0.1511,0.0005,0.0089,0.0,0.9896,0.0062,0.10101,corruption(high),False,False,False,False,True,False
784,corrupt_jpeg_web_0044.jpg,Corruption,web_compression,0,0,0,0,1,0,78.0,ACCEPTABLE,68.5,DEGRADED,0.001,0.0076,0.0094,0.0004,0.1124,0.5263,0.16389,defect(medium),False,False,False,False,False,True
785,corrupt_posterization_0045.jpg,Corruption,posterization,0,0,0,0,1,0,65.0,DEGRADED,100.0,ACCEPTABLE,0.0151,0.3437,0.017,0.0222,0.0602,0.426,0.12735,None,False,False,False,False,False,False
786,corrupt_jpeg_heavy_0046.jpg,Corruption,jpeg_blockiness,0,0,0,0,1,0,68.0,DEGRADED,67.1,DEGRADED,0.3602,0.0038,0.0044,0.0,0.9736,0.0169,0.1268,blur(low); corruption(high),True,False,False,False,True,False
787,corrupt_jpeg_web_0047.jpg,Corruption,web_compression,0,0,0,0,1,0,78.0,ACCEPTABLE,72.0,DEGRADED,0.0162,0.0003,0.088,0.0,0.7573,0.0665,0.07368,corruption(high),False,False,False,False,True,False
788,corrupt_posterization_0048.jpg,Corruption,posterization,0,0,0,0,1,0,65.0,DEGRADED,50.7,DEFECTIVE,0.0002,0.1756,0.0004,0.0,0.0371,0.8262,0.25595,defect(high),False,False,False,False,False,True
789,corrupt_jpeg_heavy_0049.jpg,Corruption,jpeg_blockiness,0,0,0,0,1,0,68.0,DEGRADED,72.0,DEGRADED,0.2948,0.001,0.0056,0.0,0.9778,0.0172,0.07028,corruption(high),False,False,False,False,True,False
790,corrupt_jpeg_web_0050.jpg,Corruption,web_compression,0,0,0,0,1,0,78.0,ACCEPTABLE,72.0,DEGRADED,0.0832,0.008,0.0079,0.0,0.7518,0.3521,0.06212,corruption(high),False,False,False,False,True,False
791,corrupt_posterization_0051.jpg,Corruption,posterization,0,0,0,0,1,0,65.0,DEGRADED,23.4,DEFECTIVE,0.0,0.9726,0.0001,0.0003,0.0021,0.8524,0.44011,underexposure(high); defect(high),False,True,False,False,False,True
792,corrupt_jpeg_heavy_0052.jpg,Corruption,jpeg_blockiness,0,0,0,0,1,0,68.0,DEGRADED,67.1,DEGRADED,0.4755,0.0074,0.0051,0.0,0.9312,0.0778,0.05843,blur(low); corruption(high),True,False,False,False,True,False
793,corrupt_jpeg_web_0053.jpg,Corruption,web_compression,0,0,0,0,1,0,78.0,ACCEPTABLE,51.0,DEGRADED,0.0008,0.0004,0.8317,0.0,0.8055,0.0492,0.1755,overexposure(high); corruption(high),False,False,True,False,True,False
794,corrupt_posterization_0054.jpg,Corruption,posterization,0,0,0,0,1,0,65.0,DEGRADED,100.0,ACCEPTABLE,0.0114,0.3292,0.0031,0.0002,0.2985,0.5393,0.06754,None,False,False,False,False,False,False
795,corrupt_jpeg_heavy_0055.jpg,Corruption,jpeg_blockiness,0,0,0,0,1,0,68.0,DEGRADED,60.2,DEGRADED,0.4958,0.003,0.0051,0.0,0.9468,0.0507,0.0662,blur(medium); corruption(high),True,False,False,False,True,False
796,corrupt_jpeg_web_0056.jpg,Corruption,web_compression,0,0,0,0,1,0,78.0,ACCEPTABLE,95.8,ACCEPTABLE,0.0082,0.0008,0.0256,0.0,0.6037,0.2518,0.12107,corruption(low),False,False,False,False,True,False
797,corrupt_posterization_0057.jpg,Corruption,posterization,0,0,0,0,1,0,65.0,DEGRADED,68.5,DEGRADED,0.0048,0.007,0.0074,0.0012,0.1579,0.5756,0.11746,defect(medium),False,False,False,False,False,True
798,corrupt_jpeg_heavy_0058.jpg,Corruption,jpeg_blockiness,0,0,0,0,1,0,68.0,DEGRADED,29.2,DEFECTIVE,0.0145,0.0152,0.0105,0.0,0.934,0.2576,0.29757,corruption(high); defect(high),False,False,False,False,True,True
799,corrupt_jpeg_web_0059.jpg,Corruption,web_compression,0,0,0,0,1,0,78.0,ACCEPTABLE,95.8,ACCEPTABLE,0.1007,0.0078,0.023,0.0003,0.5542,0.4032,0.04409,corruption(low),False,False,False,False,True,False
800,corrupt_posterization_0060.jpg,Corruption,posterization,0,0,0,0,1,0,65.0,DEGRADED,54.5,DEFECTIVE,0.0,0.1758,0.0002,0.0005,0.0042,0.7543,0.10854,defect(high),False,False,False,False,False,True
801,corrupt_jpeg_heavy_0061.jpg,Corruption,jpeg_blockiness,0,0,0,0,1,0,68.0,DEGRADED,72.0,DEGRADED,0.1436,0.0003,0.1383,0.0,0.9723,0.0091,0.06609,corruption(high),False,False,False,False,True,False
802,corrupt_jpeg_web_0062.jpg,Corruption,web_compression,0,0,0,0,1,0,78.0,ACCEPTABLE,44.0,DEFECTIVE,0.0,0.0316,0.0003,0.0,0.2586,0.7951,0.40595,defect(high),False,False,False,False,False,True
803,corrupt_posterization_0063.jpg,Corruption,posterization,0,0,0,0,1,0,65.0,DEGRADED,30.6,DEFECTIVE,0.0009,0.9975,0.0002,0.0012,0.0024,0.871,0.24682,underexposure(high); defect(high),False,True,False,False,False,True
804,corrupt_jpeg_heavy_0064.jpg,Corruption,jpeg_blockiness,0,0,0,0,1,0,68.0,DEGRADED,67.1,DEGRADED,0.4031,0.0004,0.0267,0.0,0.9581,0.0056,0.09329,blur(low); corruption(high),True,False,False,False,True,False
805,corrupt_jpeg_web_0065.jpg,Corruption,web_compression,0,0,0,0,1,0,78.0,ACCEPTABLE,72.0,DEGRADED,0.0012,0.0005,0.146,0.0,0.845,0.1026,0.1589,corruption(high),False,False,False,False,True,False
806,corrupt_posterization_0066.jpg,Corruption,posterization,0,0,0,0,1,0,65.0,DEGRADED,54.5,DEGRADED,0.0002,0.8186,0.0004,0.0045,0.0018,0.6575,0.12748,defect(high),False,False,False,False,False,True
807,corrupt_jpeg_heavy_0067.jpg,Corruption,jpeg_blockiness,0,0,0,0,1,0,68.0,DEGRADED,67.1,DEGRADED,0.4371,0.0026,0.0056,0.0,0.9549,0.0473,0.03595,blur(low); corruption(high),True,False,False,False,True,False
808,corrupt_jpeg_web_0068.jpg,Corruption,web_compression,0,0,0,0,1,0,78.0,ACCEPTABLE,72.0,DEGRADED,0.0162,0.0001,0.2469,0.0,0.8682,0.0214,0.09208,corruption(high),False,False,False,False,True,False
809,corrupt_posterization_0069.jpg,Corruption,posterization,0,0,0,0,1,0,65.0,DEGRADED,65.6,DEGRADED,0.0173,0.0094,0.0044,0.0001,0.5746,0.5858,0.12192,corruption(low); defect(medium),False,False,False,False,True,True
810,corrupt_jpeg_heavy_0070.jpg,Corruption,jpeg_blockiness,0,0,0,0,1,0,68.0,DEGRADED,72.0,DEGRADED,0.1746,0.0,0.0317,0.0,0.9935,0.0007,0.10513,corruption(high),False,False,False,False,True,False
811,corrupt_jpeg_web_0071.jpg,Corruption,web_compression,0,0,0,0,1,0,78.0,ACCEPTABLE,42.3,DEGRADED,0.0165,0.0026,0.0576,0.0,0.715,0.1388,0.24817,corruption(medium); defect(high),False,False,False,False,True,True
812,corrupt_posterization_0072.jpg,Corruption,posterization,0,0,0,0,1,0,65.0,DEGRADED,68.5,DEGRADED,0.0033,0.1433,0.0041,0.0017,0.0598,0.658,0.06833,defect(medium),False,False,False,False,False,True
813,corrupt_jpeg_heavy_0073.jpg,Corruption,jpeg_blockiness,0,0,0,0,1,0,68.0,DEGRADED,72.0,DEGRADED,0.1431,0.0136,0.0104,0.0,0.9328,0.1378,0.12977,corruption(high),False,False,False,False,True,False
814,corrupt_jpeg_web_0074.jpg,Corruption,web_compression,0,0,0,0,1,0,78.0,ACCEPTABLE,60.2,DEGRADED,0.4819,0.0308,0.0419,0.0002,0.8707,0.0979,0.03601,blur(medium); corruption(high),True,False,False,False,True,False
815,corrupt_posterization_0075.jpg,Corruption,posterization,0,0,0,0,1,0,65.0,DEGRADED,47.9,DEGRADED,0.0002,0.9815,0.0002,0.006,0.0011,0.555,0.12542,underexposure(high); defect(medium),False,True,False,False,False,True
816,corrupt_jpeg_heavy_0076.jpg,Corruption,jpeg_blockiness,0,0,0,0,1,0,68.0,DEGRADED,51.0,DEGRADED,0.7608,0.0211,0.0119,0.0,0.8684,0.0346,0.1111,blur(high); corruption(high),True,False,False,False,True,False
817,corrupt_jpeg_web_0077.jpg,Corruption,web_compression,0,0,0,0,1,0,78.0,ACCEPTABLE,28.5,DEFECTIVE,0.4133,0.074,0.0215,0.0003,0.8085,0.2808,0.23717,blur(low); corruption(high); defect(high),True,False,False,False,True,True
818,corrupt_posterization_0078.jpg,Corruption,posterization,0,0,0,0,1,0,65.0,DEGRADED,54.5,DEGRADED,0.0011,0.0951,0.0015,0.0042,0.008,0.6857,0.10774,defect(high),False,False,False,False,False,True
819,corrupt_jpeg_heavy_0079.jpg,Corruption,jpeg_blockiness,0,0,0,0,1,0,68.0,DEGRADED,72.0,DEGRADED,0.0814,0.0003,0.0364,0.0,0.9834,0.0078,0.08981,corruption(high),False,False,False,False,True,False
820,corrupt_jpeg_web_0080.jpg,Corruption,web_compression,0,0,0,0,1,0,78.0,ACCEPTABLE,61.8,DEGRADED,0.8991,0.0057,0.0279,0.0001,0.6779,0.0267,0.02811,blur(high); corruption(medium),True,False,False,False,True,False
821,corrupt_posterization_0081.jpg,Corruption,posterization,0,0,0,0,1,0,65.0,DEGRADED,80.4,DEGRADED,0.001,0.6855,0.001,0.0395,0.0021,0.6325,0.05124,defect(low),False,False,False,False,False,True
822,corrupt_jpeg_heavy_0082.jpg,Corruption,jpeg_blockiness,0,0,0,0,1,0,68.0,DEGRADED,51.0,DEGRADED,0.7293,0.0098,0.0332,0.0001,0.805,0.0357,0.07045,blur(high); corruption(high),True,False,False,False,True,False
823,corrupt_jpeg_web_0083.jpg,Corruption,web_compression,0,0,0,0,1,0,78.0,ACCEPTABLE,80.4,DEGRADED,0.0056,0.0092,0.005,0.0002,0.1755,0.5752,0.08384,defect(low),False,False,False,False,False,True
824,corrupt_posterization_0084.jpg,Corruption,posterization,0,0,0,0,1,0,65.0,DEGRADED,54.5,DEFECTIVE,0.0001,0.0458,0.0012,0.0053,0.0019,0.7844,0.15301,defect(high),False,False,False,False,False,True
825,corrupt_jpeg_heavy_0085.jpg,Corruption,jpeg_blockiness,0,0,0,0,1,0,68.0,DEGRADED,72.0,DEGRADED,0.2089,0.0008,0.0052,0.0,0.9779,0.0242,0.08925,corruption(high),False,False,False,False,True,False
826,corrupt_jpeg_web_0086.jpg,Corruption,web_compression,0,0,0,0,1,0,78.0,ACCEPTABLE,72.0,DEGRADED,0.0236,0.0007,0.038,0.0,0.9442,0.0157,0.16202,corruption(high),False,False,False,False,True,False
827,corrupt_posterization_0087.jpg,Corruption,posterization,0,0,0,0,1,0,65.0,DEGRADED,68.5,DEGRADED,0.0015,0.1243,0.0039,0.0016,0.0343,0.5942,0.08104,defect(medium),False,False,False,False,False,True
828,corrupt_jpeg_heavy_0088.jpg,Corruption,jpeg_blockiness,0,0,0,0,1,0,68.0,DEGRADED,72.0,DEGRADED,0.1975,0.0003,0.0266,0.0,0.9874,0.0048,0.07073,corruption(high),False,False,False,False,True,False
829,corrupt_jpeg_web_0089.jpg,Corruption,web_compression,0,0,0,0,1,0,78.0,ACCEPTABLE,83.2,ACCEPTABLE,0.5222,0.0039,0.0462,0.0022,0.2594,0.2084,0.13188,blur(medium),True,False,False,False,False,False
830,corrupt_posterization_0090.jpg,Corruption,posterization,0,0,0,0,1,0,65.0,DEGRADED,77.5,DEGRADED,0.0033,0.186,0.0009,0.3886,0.0005,0.5542,0.10354,noise(low); defect(low),False,False,False,True,False,True
831,corrupt_jpeg_heavy_0091.jpg,Corruption,jpeg_blockiness,0,0,0,0,1,0,68.0,DEGRADED,72.0,DEGRADED,0.2037,0.0018,0.034,0.0,0.9143,0.0845,0.16376,corruption(high),False,False,False,False,True,False
832,corrupt_jpeg_web_0092.jpg,Corruption,web_compression,0,0,0,0,1,0,78.0,ACCEPTABLE,100.0,ACCEPTABLE,0.0298,0.0152,0.0863,0.0015,0.4561,0.3844,0.11003,None,False,False,False,False,False,False
833,corrupt_posterization_0093.jpg,Corruption,posterization,0,0,0,0,1,0,65.0,DEGRADED,68.5,DEGRADED,0.0013,0.0134,0.0121,0.0654,0.005,0.6583,0.09322,defect(medium),False,False,False,False,False,True
834,corrupt_jpeg_heavy_0094.jpg,Corruption,jpeg_blockiness,0,0,0,0,1,0,68.0,DEGRADED,60.2,DEGRADED,0.6031,0.0171,0.0122,0.0,0.896,0.0655,0.09087,blur(medium); corruption(high),True,False,False,False,True,False
835,corrupt_jpeg_web_0095.jpg,Corruption,web_compression,0,0,0,0,1,0,78.0,ACCEPTABLE,44.0,DEFECTIVE,0.0001,0.0036,0.0169,0.0002,0.1546,0.6564,0.42674,defect(high),False,False,False,False,False,True
836,corrupt_posterization_0096.jpg,Corruption,posterization,0,0,0,0,1,0,65.0,DEGRADED,54.5,DEFECTIVE,0.0002,0.8089,0.0006,0.0004,0.0095,0.743,0.06586,defect(high),False,False,False,False,False,True
837,corrupt_jpeg_heavy_0097.jpg,Corruption,jpeg_blockiness,0,0,0,0,1,0,68.0,DEGRADED,72.0,DEGRADED,0.3315,0.0041,0.0156,0.0,0.9092,0.0664,0.05571,corruption(high),False,False,False,False,True,False
838,corrupt_jpeg_web_0098.jpg,Corruption,web_compression,0,0,0,0,1,0,78.0,ACCEPTABLE,72.0,DEGRADED,0.0283,0.0001,0.1283,0.0,0.9818,0.0041,0.10089,corruption(high),False,False,False,False,True,False
839,corrupt_posterization_0099.jpg,Corruption,posterization,0,0,0,0,1,0,65.0,DEGRADED,54.5,DEFECTIVE,0.0,0.4977,0.0001,0.0802,0.0001,0.7742,0.13599,defect(high),False,False,False,False,False,True
840,corrupt_jpeg_heavy_0100.jpg,Corruption,jpeg_blockiness,0,0,0,0,1,0,68.0,DEGRADED,72.0,DEGRADED,0.225,0.0057,0.0281,0.0,0.8718,0.1313,0.10218,corruption(high),False,False,False,False,True,False
841,corrupt_jpeg_web_0101.jpg,Corruption,web_compression,0,0,0,0,1,0,78.0,ACCEPTABLE,70.1,DEGRADED,0.025,0.0013,0.0089,0.0,0.7686,0.3264,0.21566,corruption(high),False,False,False,False,True,False
842,corrupt_posterization_0102.jpg,Corruption,posterization,0,0,0,0,1,0,65.0,DEGRADED,68.5,DEGRADED,0.0008,0.0078,0.0041,0.0021,0.0193,0.6809,0.06883,defect(medium),False,False,False,False,False,True
843,corrupt_jpeg_heavy_0103.jpg,Corruption,jpeg_blockiness,0,0,0,0,1,0,68.0,DEGRADED,51.0,DEGRADED,0.8024,0.0156,0.0093,0.0,0.8967,0.0319,0.03829,blur(high); corruption(high),True,False,False,False,True,False
844,corrupt_jpeg_web_0104.jpg,Corruption,web_compression,0,0,0,0,1,0,78.0,ACCEPTABLE,80.3,ACCEPTABLE,0.5888,0.0043,0.0198,0.0002,0.6054,0.1476,0.05875,blur(medium); corruption(low),True,False,False,False,True,False
845,corrupt_posterization_0105.jpg,Corruption,posterization,0,0,0,0,1,0,65.0,DEGRADED,54.5,DEGRADED,0.0007,0.0063,0.0043,0.0026,0.0125,0.6914,0.08165,defect(high),False,False,False,False,False,True
846,corrupt_jpeg_heavy_0106.jpg,Corruption,jpeg_blockiness,0,0,0,0,1,0,68.0,DEGRADED,67.1,DEGRADED,0.4199,0.0012,0.0043,0.0,0.9689,0.0229,0.10348,blur(low); corruption(high),True,False,False,False,True,False
847,corrupt_jpeg_web_0107.jpg,Corruption,web_compression,0,0,0,0,1,0,78.0,ACCEPTABLE,100.0,ACCEPTABLE,0.1818,0.0016,0.0266,0.0002,0.3816,0.2533,0.11938,None,False,False,False,False,False,False
848,corrupt_posterization_0108.jpg,Corruption,posterization,0,0,0,0,1,0,65.0,DEGRADED,53.9,DEFECTIVE,0.0,0.2482,0.0004,0.0003,0.0031,0.8618,0.18753,defect(high),False,False,False,False,False,True
849,corrupt_jpeg_heavy_0109.jpg,Corruption,jpeg_blockiness,0,0,0,0,1,0,68.0,DEGRADED,72.0,DEGRADED,0.326,0.0146,0.0055,0.0,0.9296,0.1276,0.03801,corruption(high),False,False,False,False,True,False
850,corrupt_jpeg_web_0110.jpg,Corruption,web_compression,0,0,0,0,1,0,78.0,ACCEPTABLE,93.0,ACCEPTABLE,0.4774,0.0012,0.0651,0.0001,0.4825,0.0434,0.06789,blur(low),True,False,False,False,False,False
851,corrupt_posterization_0111.jpg,Corruption,posterization,0,0,0,0,1,0,65.0,DEGRADED,95.8,ACCEPTABLE,0.0398,0.1766,0.034,0.0017,0.5237,0.3827,0.0904,corruption(low),False,False,False,False,True,False
852,corrupt_jpeg_heavy_0112.jpg,Corruption,jpeg_blockiness,0,0,0,0,1,0,68.0,DEGRADED,72.0,DEGRADED,0.1573,0.0011,0.0051,0.0,0.9705,0.0534,0.09696,corruption(high),False,False,False,False,True,False
853,corrupt_jpeg_web_0113.jpg,Corruption,web_compression,0,0,0,0,1,0,78.0,ACCEPTABLE,100.0,ACCEPTABLE,0.0182,0.0003,0.1269,0.0004,0.3052,0.192,0.16689,None,False,False,False,False,False,False
854,corrupt_posterization_0114.jpg,Corruption,posterization,0,0,0,0,1,0,65.0,DEGRADED,54.5,DEFECTIVE,0.0005,0.0079,0.0079,0.0019,0.0223,0.7095,0.08164,defect(high),False,False,False,False,False,True
855,corrupt_jpeg_heavy_0115.jpg,Corruption,jpeg_blockiness,0,0,0,0,1,0,68.0,DEGRADED,67.1,DEGRADED,0.391,0.0007,0.019,0.0,0.9621,0.0219,0.06492,blur(low); corruption(high),True,False,False,False,True,False
856,corrupt_jpeg_web_0116.jpg,Corruption,web_compression,0,0,0,0,1,0,78.0,ACCEPTABLE,100.0,ACCEPTABLE,0.0547,0.0044,0.0273,0.0006,0.5024,0.4129,0.09946,None,False,False,False,False,False,False
857,corrupt_posterization_0117.jpg,Corruption,posterization,0,0,0,0,1,0,65.0,DEGRADED,54.5,DEFECTIVE,0.0001,0.0415,0.0003,0.0021,0.0024,0.7818,0.13988,defect(high),False,False,False,False,False,True
858,corrupt_jpeg_heavy_0118.jpg,Corruption,jpeg_blockiness,0,0,0,0,1,0,68.0,DEGRADED,51.0,DEGRADED,0.8401,0.002,0.0144,0.0,0.9358,0.0089,0.05371,blur(high); corruption(high),True,False,False,False,True,False
859,corrupt_jpeg_web_0119.jpg,Corruption,web_compression,0,0,0,0,1,0,78.0,ACCEPTABLE,87.4,ACCEPTABLE,0.0016,0.0119,0.0052,0.0,0.6446,0.2713,0.14847,corruption(medium),False,False,False,False,True,False
860,corrupt_posterization_0120.jpg,Corruption,posterization,0,0,0,0,1,0,65.0,DEGRADED,45.4,DEFECTIVE,0.0001,0.0232,0.0016,0.001,0.0038,0.8127,0.37056,defect(high),False,False,False,False,False,True
861,corrupt_jpeg_heavy_0121.jpg,Corruption,jpeg_blockiness,0,0,0,0,1,0,68.0,DEGRADED,62.2,DEGRADED,0.0369,0.0004,0.5754,0.0,0.9184,0.0223,0.12663,overexposure(medium); corruption(high),False,False,True,False,True,False
862,corrupt_jpeg_web_0122.jpg,Corruption,web_compression,0,0,0,0,1,0,78.0,ACCEPTABLE,72.0,DEGRADED,0.1219,0.0359,0.0071,0.0,0.8882,0.2713,0.06136,corruption(high),False,False,False,False,True,False
863,corrupt_posterization_0123.jpg,Corruption,posterization,0,0,0,0,1,0,65.0,DEGRADED,54.5,DEFECTIVE,0.0001,0.0406,0.002,0.0025,0.0026,0.7827,0.11505,defect(high),False,False,False,False,False,True
864,corrupt_jpeg_heavy_0124.jpg,Corruption,jpeg_blockiness,0,0,0,0,1,0,68.0,DEGRADED,51.0,DEGRADED,0.6876,0.0244,0.0221,0.0,0.8914,0.0383,0.03609,blur(high); corruption(high),True,False,False,False,True,False
865,corrupt_jpeg_web_0125.jpg,Corruption,web_compression,0,0,0,0,1,0,78.0,ACCEPTABLE,33.7,DEFECTIVE,0.5006,0.0047,0.2487,0.0028,0.6128,0.0624,0.324,blur(medium); corruption(low); defect(high),True,False,False,False,True,True
866,corrupt_posterization_0126.jpg,Corruption,posterization,0,0,0,0,1,0,65.0,DEGRADED,68.5,DEGRADED,0.0072,0.0065,0.0069,0.0008,0.1721,0.6139,0.0745,defect(medium),False,False,False,False,False,True
867,corrupt_jpeg_heavy_0127.jpg,Corruption,jpeg_blockiness,0,0,0,0,1,0,68.0,DEGRADED,72.0,DEGRADED,0.3061,0.0056,0.0513,0.0001,0.9049,0.1015,0.09297,corruption(high),False,False,False,False,True,False
868,corrupt_jpeg_web_0128.jpg,Corruption,web_compression,0,0,0,0,1,0,78.0,ACCEPTABLE,72.0,DEGRADED,0.2032,0.0039,0.006,0.0,0.9357,0.0622,0.04372,corruption(high),False,False,False,False,True,False
869,corrupt_posterization_0129.jpg,Corruption,posterization,0,0,0,0,1,0,65.0,DEGRADED,54.5,DEFECTIVE,0.0001,0.066,0.0033,0.0037,0.0034,0.7442,0.11637,defect(high),False,False,False,False,False,True
870,corrupt_jpeg_heavy_0130.jpg,Corruption,jpeg_blockiness,0,0,0,0,1,0,68.0,DEGRADED,72.0,DEGRADED,0.0928,0.0014,0.0072,0.0,0.9586,0.0945,0.12245,corruption(high),False,False,False,False,True,False
871,corrupt_jpeg_web_0131.jpg,Corruption,web_compression,0,0,0,0,1,0,78.0,ACCEPTABLE,86.0,ACCEPTABLE,0.1635,0.0005,0.5337,0.0002,0.4893,0.0528,0.14207,overexposure(medium),False,False,True,False,False,False
872,corrupt_posterization_0132.jpg,Corruption,posterization,0,0,0,0,1,0,65.0,DEGRADED,54.5,DEFECTIVE,0.0,0.5741,0.0003,0.0022,0.0012,0.7592,0.1571,defect(high),False,False,False,False,False,True
873,corrupt_jpeg_heavy_0133.jpg,Corruption,jpeg_blockiness,0,0,0,0,1,0,68.0,DEGRADED,70.3,DEGRADED,0.0711,0.0001,0.1036,0.0,0.9856,0.0042,0.21075,corruption(high),False,False,False,False,True,False
874,corrupt_jpeg_web_0134.jpg,Corruption,web_compression,0,0,0,0,1,0,78.0,ACCEPTABLE,70.6,DEGRADED,0.1429,0.0006,0.0134,0.0,0.8986,0.0333,0.204,corruption(high),False,False,False,False,True,False
875,corrupt_posterization_0135.jpg,Corruption,posterization,0,0,0,0,1,0,65.0,DEGRADED,100.0,ACCEPTABLE,0.0181,0.7897,0.0143,0.0104,0.0821,0.3583,0.05909,None,False,False,False,False,False,False
876,corrupt_jpeg_heavy_0136.jpg,Corruption,jpeg_blockiness,0,0,0,0,1,0,68.0,DEGRADED,72.0,DEGRADED,0.1499,0.0018,0.0493,0.0,0.8895,0.0949,0.15785,corruption(high),False,False,False,False,True,False
877,corrupt_jpeg_web_0137.jpg,Corruption,web_compression,0,0,0,0,1,0,78.0,ACCEPTABLE,30.8,DEFECTIVE,0.3089,0.0013,0.0101,0.0,0.7451,0.0893,0.26396,corruption(high); defect(high),False,False,False,False,True,True
878,corrupt_posterization_0138.jpg,Corruption,posterization,0,0,0,0,1,0,65.0,DEGRADED,100.0,ACCEPTABLE,0.0005,0.0395,0.0022,0.1013,0.0038,0.4155,0.11111,None,False,False,False,False,False,False
879,corrupt_jpeg_heavy_0139.jpg,Corruption,jpeg_blockiness,0,0,0,0,1,0,68.0,DEGRADED,72.0,DEGRADED,0.1406,0.0012,0.0071,0.0,0.9747,0.0408,0.14867,corruption(high),False,False,False,False,True,False
880,corrupt_jpeg_web_0140.jpg,Corruption,web_compression,0,0,0,0,1,0,78.0,ACCEPTABLE,67.1,DEGRADED,0.3735,0.0015,0.0066,0.0,0.77,0.0534,0.07383,blur(low); corruption(high),True,False,False,False,True,False
881,corrupt_posterization_0141.jpg,Corruption,posterization,0,0,0,0,1,0,65.0,DEGRADED,31.6,DEFECTIVE,0.0,0.9412,0.0002,0.0018,0.0003,0.8002,0.22496,underexposure(high); defect(high),False,True,False,False,False,True
882,corrupt_jpeg_heavy_0142.jpg,Corruption,jpeg_blockiness,0,0,0,0,1,0,68.0,DEGRADED,60.2,DEGRADED,0.5597,0.0033,0.0109,0.0,0.8976,0.0532,0.11896,blur(medium); corruption(high),True,False,False,False,True,False
883,corrupt_jpeg_web_0143.jpg,Corruption,web_compression,0,0,0,0,1,0,78.0,ACCEPTABLE,100.0,ACCEPTABLE,0.2727,0.0001,0.0448,0.0,0.3959,0.0171,0.08125,None,False,False,False,False,False,False
884,corrupt_posterization_0144.jpg,Corruption,posterization,0,0,0,0,1,0,65.0,DEGRADED,52.4,DEFECTIVE,0.0003,0.0737,0.0004,0.0035,0.0036,0.7409,0.22099,defect(high),False,False,False,False,False,True
885,corrupt_jpeg_heavy_0145.jpg,Corruption,jpeg_blockiness,0,0,0,0,1,0,68.0,DEGRADED,72.0,DEGRADED,0.0568,0.0435,0.0072,0.0,0.9454,0.1453,0.06846,corruption(high),False,False,False,False,True,False
886,corrupt_jpeg_web_0146.jpg,Corruption,web_compression,0,0,0,0,1,0,78.0,ACCEPTABLE,77.5,DEGRADED,0.01,0.3402,0.0035,0.0001,0.5707,0.5528,0.08223,corruption(low); defect(low),False,False,False,False,True,True
887,corrupt_posterization_0147.jpg,Corruption,posterization,0,0,0,0,1,0,65.0,DEGRADED,68.5,DEGRADED,0.0046,0.0061,0.0065,0.0027,0.1245,0.5899,0.0636,defect(medium),False,False,False,False,False,True
888,corrupt_jpeg_heavy_0148.jpg,Corruption,jpeg_blockiness,0,0,0,0,1,0,68.0,DEGRADED,72.0,DEGRADED,0.1425,0.0,0.0102,0.0,0.9953,0.001,0.10439,corruption(high),False,False,False,False,True,False
889,corrupt_jpeg_web_0149.jpg,Corruption,web_compression,0,0,0,0,1,0,78.0,ACCEPTABLE,87.4,ACCEPTABLE,0.0153,0.0043,0.0045,0.0,0.6972,0.3261,0.15371,corruption(medium),False,False,False,False,True,False
890,corrupt_posterization_0150.jpg,Corruption,posterization,0,0,0,0,1,0,65.0,DEGRADED,58.7,DEGRADED,0.0009,0.9004,0.001,0.0018,0.0141,0.6239,0.08331,underexposure(medium); defect(medium),False,True,False,False,False,True
891,corrupt_jpeg_heavy_0151.jpg,Corruption,jpeg_blockiness,0,0,0,0,1,0,68.0,DEGRADED,67.1,DEGRADED,0.4272,0.0035,0.0253,0.0,0.8874,0.0675,0.12003,blur(low); corruption(high),True,False,False,False,True,False
892,corrupt_jpeg_web_0152.jpg,Corruption,web_compression,0,0,0,0,1,0,78.0,ACCEPTABLE,71.6,DEGRADED,0.0735,0.0192,0.0111,0.0001,0.6705,0.4805,0.14826,corruption(medium); defect(low),False,False,False,False,True,True
893,corrupt_posterization_0153.jpg,Corruption,posterization,0,0,0,0,1,0,65.0,DEGRADED,80.4,DEGRADED,0.0011,0.1545,0.0025,0.0055,0.0277,0.6438,0.05177,defect(low),False,False,False,False,False,True
894,corrupt_jpeg_heavy_0154.jpg,Corruption,jpeg_blockiness,0,0,0,0,1,0,68.0,DEGRADED,72.0,DEGRADED,0.1165,0.0003,0.0144,0.0,0.9847,0.0157,0.09175,corruption(high),False,False,False,False,True,False
895,corrupt_jpeg_web_0155.jpg,Corruption,web_compression,0,0,0,0,1,0,78.0,ACCEPTABLE,54.5,DEGRADED,0.0015,0.0205,0.0034,0.0001,0.1822,0.6388,0.14728,defect(high),False,False,False,False,False,True
896,corrupt_posterization_0156.jpg,Corruption,posterization,0,0,0,0,1,0,65.0,DEGRADED,54.5,DEFECTIVE,0.0001,0.1534,0.0006,0.0222,0.0006,0.7304,0.12815,defect(high),False,False,False,False,False,True
897,corrupt_jpeg_heavy_0157.jpg,Corruption,jpeg_blockiness,0,0,0,0,1,0,68.0,DEGRADED,60.2,DEGRADED,0.594,0.0214,0.0106,0.0,0.907,0.0834,0.05785,blur(medium); corruption(high),True,False,False,False,True,False
898,corrupt_jpeg_web_0158.jpg,Corruption,web_compression,0,0,0,0,1,0,78.0,ACCEPTABLE,70.6,DEGRADED,0.8981,0.0035,0.0437,0.0005,0.2482,0.0252,0.03157,blur(high),True,False,False,False,False,False
899,corrupt_posterization_0159.jpg,Corruption,posterization,0,0,0,0,1,0,65.0,DEGRADED,53.8,DEFECTIVE,0.0002,0.5469,0.0011,0.0017,0.0039,0.7387,0.18903,defect(high),False,False,False,False,False,True
900,corrupt_jpeg_heavy_0160.jpg,Corruption,jpeg_blockiness,0,0,0,0,1,0,68.0,DEGRADED,72.0,DEGRADED,0.3066,0.0056,0.0055,0.0,0.9065,0.1156,0.05902,corruption(high),False,False,False,False,True,False
901,corrupt_jpeg_web_0161.jpg,Corruption,web_compression,0,0,0,0,1,0,78.0,ACCEPTABLE,72.0,DEGRADED,0.0456,0.0026,0.0065,0.0,0.9102,0.1745,0.1522,corruption(high),False,False,False,False,True,False
902,corrupt_posterization_0162.jpg,Corruption,posterization,0,0,0,0,1,0,65.0,DEGRADED,80.4,DEGRADED,0.0095,0.0028,0.0188,0.0042,0.124,0.5852,0.08359,defect(low),False,False,False,False,False,True
903,corrupt_jpeg_heavy_0163.jpg,Corruption,jpeg_blockiness,0,0,0,0,1,0,68.0,DEGRADED,72.0,DEGRADED,0.0544,0.0002,0.031,0.0,0.9919,0.0101,0.09416,corruption(high),False,False,False,False,True,False
904,corrupt_jpeg_web_0164.jpg,Corruption,web_compression,0,0,0,0,1,0,78.0,ACCEPTABLE,94.4,ACCEPTABLE,0.0433,0.0013,0.4132,0.0021,0.193,0.2093,0.13325,overexposure(low),False,False,True,False,False,False
905,corrupt_posterization_0165.jpg,Corruption,posterization,0,0,0,0,1,0,65.0,DEGRADED,54.5,DEFECTIVE,0.0002,0.027,0.0006,0.0018,0.0074,0.7541,0.17574,defect(high),False,False,False,False,False,True
906,corrupt_jpeg_heavy_0166.jpg,Corruption,jpeg_blockiness,0,0,0,0,1,0,68.0,DEGRADED,67.1,DEGRADED,0.4205,0.0019,0.0857,0.0,0.8899,0.0312,0.0901,blur(low); corruption(high),True,False,False,False,True,False
907,corrupt_jpeg_web_0167.jpg,Corruption,web_compression,0,0,0,0,1,0,78.0,ACCEPTABLE,70.6,DEGRADED,0.0183,0.0013,0.9656,0.003,0.259,0.0447,0.15563,overexposure(high),False,False,True,False,False,False
908,corrupt_posterization_0168.jpg,Corruption,posterization,0,0,0,0,1,0,65.0,DEGRADED,100.0,ACCEPTABLE,0.0092,0.0393,0.0137,0.0124,0.0424,0.561,0.0577,None,False,False,False,False,False,False
909,corrupt_jpeg_heavy_0169.jpg,Corruption,jpeg_blockiness,0,0,0,0,1,0,68.0,DEGRADED,28.0,DEFECTIVE,0.3893,0.0057,0.0397,0.0,0.9226,0.0288,0.24845,blur(low); corruption(high); defect(high),True,False,False,False,True,True
910,corrupt_jpeg_web_0170.jpg,Corruption,web_compression,0,0,0,0,1,0,78.0,ACCEPTABLE,87.4,ACCEPTABLE,0.0031,0.0014,0.1088,0.0,0.7147,0.2102,0.15815,corruption(medium),False,False,False,False,True,False
911,corrupt_posterization_0171.jpg,Corruption,posterization,0,0,0,0,1,0,65.0,DEGRADED,68.5,DEGRADED,0.0014,0.1855,0.0022,0.0077,0.0093,0.626,0.12358,defect(medium),False,False,False,False,False,True
912,corrupt_jpeg_heavy_0172.jpg,Corruption,jpeg_blockiness,0,0,0,0,1,0,68.0,DEGRADED,51.0,DEGRADED,0.8246,0.0108,0.0271,0.0001,0.7779,0.0466,0.07005,blur(high); corruption(high),True,False,False,False,True,False
913,corrupt_jpeg_web_0173.jpg,Corruption,web_compression,0,0,0,0,1,0,78.0,ACCEPTABLE,61.8,DEGRADED,0.918,0.0043,0.0309,0.0,0.6465,0.0115,0.02122,blur(high); corruption(medium),True,False,False,False,True,False
914,corrupt_posterization_0174.jpg,Corruption,posterization,0,0,0,0,1,0,65.0,DEGRADED,54.5,DEGRADED,0.0,0.3908,0.0012,0.0112,0.0008,0.6959,0.12571,defect(high),False,False,False,False,False,True
915,corrupt_jpeg_heavy_0175.jpg,Corruption,jpeg_blockiness,0,0,0,0,1,0,68.0,DEGRADED,72.0,DEGRADED,0.0894,0.0034,0.0061,0.0,0.9823,0.0524,0.08415,corruption(high),False,False,False,False,True,False
916,corrupt_jpeg_web_0176.jpg,Corruption,web_compression,0,0,0,0,1,0,78.0,ACCEPTABLE,97.8,ACCEPTABLE,0.0673,0.7754,0.006,0.0004,0.3625,0.2462,0.22278,None,False,False,False,False,False,False
917,corrupt_posterization_0177.jpg,Corruption,posterization,0,0,0,0,1,0,65.0,DEGRADED,68.5,DEGRADED,0.0012,0.1478,0.0017,0.0129,0.0043,0.6287,0.07336,defect(medium),False,False,False,False,False,True
918,corrupt_jpeg_heavy_0178.jpg,Corruption,jpeg_blockiness,0,0,0,0,1,0,68.0,DEGRADED,72.0,DEGRADED,0.1169,0.003,0.0019,0.0,0.9098,0.2558,0.09679,corruption(high),False,False,False,False,True,False
919,corrupt_jpeg_web_0179.jpg,Corruption,web_compression,0,0,0,0,1,0,78.0,ACCEPTABLE,70.6,DEGRADED,0.0434,0.9601,0.0018,0.0069,0.0177,0.369,0.01885,underexposure(high),False,True,False,False,False,False
920,corrupt_posterization_0180.jpg,Corruption,posterization,0,0,0,0,1,0,65.0,DEGRADED,54.5,DEFECTIVE,0.0003,0.7222,0.0009,0.0012,0.0045,0.7888,0.04771,defect(high),False,False,False,False,False,True
921,defect_scratch_0001.jpg,Defect,scratch_crack,0,0,0,0,0,1,68.0,DEGRADED,50.8,DEFECTIVE,0.0001,0.1045,0.0019,0.0009,0.0072,0.7763,0.2542,defect(high),False,False,False,False,False,True
922,defect_dust_0002.jpg,Defect,sensor_dust,0,0,0,0,0,1,70.0,DEGRADED,93.0,ACCEPTABLE,0.3657,0.0155,0.0137,0.0005,0.4876,0.33,0.06915,blur(low),True,False,False,False,False,False
923,defect_void_0003.jpg,Defect,cutout_void,0,0,0,0,0,1,55.0,DEGRADED,80.4,DEGRADED,0.0074,0.006,0.0135,0.0032,0.0417,0.6219,0.05399,defect(low),False,False,False,False,False,True
924,defect_scratch_0004.jpg,Defect,scratch_crack,0,0,0,0,0,1,68.0,DEGRADED,54.5,DEFECTIVE,0.0007,0.0017,0.0149,0.0089,0.0086,0.7171,0.09602,defect(high),False,False,False,False,False,True
925,defect_dust_0005.jpg,Defect,sensor_dust,0,0,0,0,0,1,70.0,DEGRADED,83.2,ACCEPTABLE,0.5951,0.0009,0.0286,0.0003,0.2995,0.1339,0.07492,blur(medium),True,False,False,False,False,False
926,defect_void_0006.jpg,Defect,cutout_void,0,0,0,0,0,1,55.0,DEGRADED,54.5,DEGRADED,0.0024,0.0097,0.0034,0.0024,0.0229,0.6701,0.11685,defect(high),False,False,False,False,False,True
927,defect_scratch_0007.jpg,Defect,scratch_crack,0,0,0,0,0,1,68.0,DEGRADED,54.5,DEFECTIVE,0.0021,0.3351,0.0021,0.0004,0.0857,0.8186,0.09078,defect(high),False,False,False,False,False,True
928,defect_dust_0008.jpg,Defect,sensor_dust,0,0,0,0,0,1,70.0,DEGRADED,100.0,ACCEPTABLE,0.2691,0.003,0.0338,0.0013,0.3152,0.3518,0.12145,None,False,False,False,False,False,False
929,defect_void_0009.jpg,Defect,cutout_void,0,0,0,0,0,1,55.0,DEGRADED,49.9,DEFECTIVE,0.0163,0.0003,0.1473,0.0001,0.5038,0.1008,0.2734,defect(high),False,False,False,False,False,True
930,defect_scratch_0010.jpg,Defect,scratch_crack,0,0,0,0,0,1,68.0,DEGRADED,54.5,DEFECTIVE,0.0007,0.4721,0.0036,0.0005,0.1042,0.724,0.12099,defect(high),False,False,False,False,False,True
931,defect_dust_0011.jpg,Defect,sensor_dust,0,0,0,0,0,1,70.0,DEGRADED,93.0,ACCEPTABLE,0.46,0.0059,0.0941,0.0012,0.3387,0.1038,0.04936,blur(low),True,False,False,False,False,False
932,defect_void_0012.jpg,Defect,cutout_void,0,0,0,0,0,1,55.0,DEGRADED,68.5,DEGRADED,0.0094,0.0021,0.0044,0.0002,0.1513,0.5904,0.07898,defect(medium),False,False,False,False,False,True
933,defect_scratch_0013.jpg,Defect,scratch_crack,0,0,0,0,0,1,68.0,DEGRADED,77.5,DEGRADED,0.0005,0.2523,0.0028,0.2159,0.0006,0.5811,0.11647,noise(low); defect(low),False,False,False,True,False,True
934,defect_dust_0014.jpg,Defect,sensor_dust,0,0,0,0,0,1,70.0,DEGRADED,83.2,ACCEPTABLE,0.5182,0.003,0.004,0.0,0.4276,0.1345,0.1131,blur(medium),True,False,False,False,False,False
935,defect_void_0015.jpg,Defect,cutout_void,0,0,0,0,0,1,55.0,DEGRADED,100.0,ACCEPTABLE,0.1427,0.0111,0.043,0.0067,0.1096,0.3815,0.11977,None,False,False,False,False,False,False
936,defect_scratch_0016.jpg,Defect,scratch_crack,0,0,0,0,0,1,68.0,DEGRADED,68.5,DEGRADED,0.0004,0.3898,0.0006,0.0012,0.0041,0.5874,0.15895,defect(medium),False,False,False,False,False,True
937,defect_dust_0017.jpg,Defect,sensor_dust,0,0,0,0,0,1,70.0,DEGRADED,70.6,DEGRADED,0.7253,0.0015,0.0157,0.0001,0.3469,0.0909,0.06193,blur(high),True,False,False,False,False,False
938,defect_void_0018.jpg,Defect,cutout_void,0,0,0,0,0,1,55.0,DEGRADED,66.7,DEGRADED,0.0042,0.0048,0.0813,0.0002,0.5188,0.5025,0.21455,defect(medium),False,False,False,False,False,True
939,defect_scratch_0019.jpg,Defect,scratch_crack,0,0,0,0,0,1,68.0,DEGRADED,68.5,DEGRADED,0.0004,0.004,0.0044,0.0013,0.0086,0.6557,0.10503,defect(medium),False,False,False,False,False,True
940,defect_dust_0020.jpg,Defect,sensor_dust,0,0,0,0,0,1,70.0,DEGRADED,83.2,ACCEPTABLE,0.507,0.0084,0.0145,0.0002,0.493,0.1835,0.04396,blur(medium),True,False,False,False,False,False
941,defect_void_0021.jpg,Defect,cutout_void,0,0,0,0,0,1,55.0,DEGRADED,44.0,DEFECTIVE,0.0004,0.2263,0.0005,0.0,0.0943,0.7395,0.4783,defect(high),False,False,False,False,False,True
942,defect_scratch_0022.jpg,Defect,scratch_crack,0,0,0,0,0,1,68.0,DEGRADED,54.5,DEFECTIVE,0.0034,0.0046,0.012,0.0017,0.0596,0.7041,0.06274,defect(high),False,False,False,False,False,True
943,defect_dust_0023.jpg,Defect,sensor_dust,0,0,0,0,0,1,70.0,DEGRADED,62.2,DEGRADED,0.2842,0.0004,0.576,0.0,0.7607,0.0131,0.11689,overexposure(medium); corruption(high),False,False,True,False,True,False
944,defect_void_0024.jpg,Defect,cutout_void,0,0,0,0,0,1,55.0,DEGRADED,68.5,DEGRADED,0.0283,0.0096,0.0067,0.0003,0.3176,0.6195,0.06854,defect(medium),False,False,False,False,False,True
945,defect_scratch_0025.jpg,Defect,scratch_crack,0,0,0,0,0,1,68.0,DEGRADED,68.5,DEGRADED,0.0017,0.0018,0.0088,0.004,0.013,0.6947,0.0567,defect(medium),False,False,False,False,False,True
946,defect_dust_0026.jpg,Defect,sensor_dust,0,0,0,0,0,1,70.0,DEGRADED,100.0,ACCEPTABLE,0.2943,0.0007,0.0294,0.0001,0.469,0.1155,0.11482,None,False,False,False,False,False,False
947,defect_void_0027.jpg,Defect,cutout_void,0,0,0,0,0,1,55.0,DEGRADED,100.0,ACCEPTABLE,0.0455,0.0027,0.0238,0.0014,0.3224,0.4908,0.10909,None,False,False,False,False,False,False
948,defect_scratch_0028.jpg,Defect,scratch_crack,0,0,0,0,0,1,68.0,DEGRADED,47.7,DEFECTIVE,0.0,0.2065,0.0004,0.0009,0.0036,0.7672,0.32095,defect(high),False,False,False,False,False,True
949,defect_dust_0029.jpg,Defect,sensor_dust,0,0,0,0,0,1,70.0,DEGRADED,83.2,ACCEPTABLE,0.5927,0.0142,0.0359,0.0016,0.2979,0.2656,0.05341,blur(medium),True,False,False,False,False,False
950,defect_void_0030.jpg,Defect,cutout_void,0,0,0,0,0,1,55.0,DEGRADED,54.5,DEGRADED,0.0002,0.0394,0.0007,0.0009,0.012,0.6822,0.13748,defect(high),False,False,False,False,False,True
951,defect_scratch_0031.jpg,Defect,scratch_crack,0,0,0,0,0,1,68.0,DEGRADED,80.4,DEGRADED,0.0017,0.0036,0.017,0.0646,0.0049,0.5705,0.09922,defect(low),False,False,False,False,False,True
952,defect_dust_0032.jpg,Defect,sensor_dust,0,0,0,0,0,1,70.0,DEGRADED,25.6,DEFECTIVE,0.3811,0.0147,0.0033,0.0,0.9687,0.0264,0.29992,blur(low); corruption(high); defect(high),True,False,False,False,True,True
953,defect_void_0033.jpg,Defect,cutout_void,0,0,0,0,0,1,55.0,DEGRADED,48.9,DEGRADED,0.0417,0.0726,0.0033,0.0,0.8496,0.6109,0.15903,corruption(high); defect(medium),False,False,False,False,True,True
954,defect_scratch_0034.jpg,Defect,scratch_crack,0,0,0,0,0,1,68.0,DEGRADED,88.8,ACCEPTABLE,0.023,0.0018,0.0173,0.4574,0.0019,0.5217,0.11434,noise(medium),False,False,False,True,False,False
955,defect_dust_0035.jpg,Defect,sensor_dust,0,0,0,0,0,1,70.0,DEGRADED,83.2,ACCEPTABLE,0.6656,0.0002,0.0206,0.0,0.2574,0.0298,0.08208,blur(medium),True,False,False,False,False,False
956,defect_void_0036.jpg,Defect,cutout_void,0,0,0,0,0,1,55.0,DEGRADED,68.5,DEGRADED,0.0011,0.034,0.0018,0.0004,0.0255,0.6583,0.10919,defect(medium),False,False,False,False,False,True
957,defect_scratch_0037.jpg,Defect,scratch_crack,0,0,0,0,0,1,68.0,DEGRADED,68.5,DEGRADED,0.0017,0.0048,0.0056,0.0011,0.0469,0.727,0.04772,defect(medium),False,False,False,False,False,True
958,defect_dust_0038.jpg,Defect,sensor_dust,0,0,0,0,0,1,70.0,DEGRADED,83.2,ACCEPTABLE,0.5971,0.0002,0.0136,0.0001,0.1639,0.0516,0.07445,blur(medium),True,False,False,False,False,False
959,defect_void_0039.jpg,Defect,cutout_void,0,0,0,0,0,1,55.0,DEGRADED,54.5,DEGRADED,0.0112,0.0023,0.0041,0.0007,0.1557,0.6593,0.14602,defect(high),False,False,False,False,False,True
960,defect_scratch_0040.jpg,Defect,scratch_crack,0,0,0,0,0,1,68.0,DEGRADED,100.0,ACCEPTABLE,0.0037,0.001,0.0347,0.0064,0.0323,0.2775,0.11164,None,False,False,False,False,False,False
961,defect_dust_0041.jpg,Defect,sensor_dust,0,0,0,0,0,1,70.0,DEGRADED,70.6,DEGRADED,0.7085,0.0014,0.0111,0.0002,0.2452,0.1027,0.17578,blur(high),True,False,False,False,False,False
962,defect_void_0042.jpg,Defect,cutout_void,0,0,0,0,0,1,55.0,DEGRADED,68.5,DEGRADED,0.0161,0.0085,0.01,0.0015,0.0772,0.6016,0.09383,defect(medium),False,False,False,False,False,True
963,defect_scratch_0043.jpg,Defect,scratch_crack,0,0,0,0,0,1,68.0,DEGRADED,54.1,DEGRADED,0.0016,0.004,0.0116,0.0019,0.0398,0.6459,0.18397,defect(high),False,False,False,False,False,True
964,defect_dust_0044.jpg,Defect,sensor_dust,0,0,0,0,0,1,70.0,DEGRADED,70.6,DEGRADED,0.8431,0.0134,0.0485,0.0008,0.3876,0.0551,0.0316,blur(high),True,False,False,False,False,False
965,defect_void_0045.jpg,Defect,cutout_void,0,0,0,0,0,1,55.0,DEGRADED,100.0,ACCEPTABLE,0.0022,0.5791,0.0011,0.0108,0.003,0.4993,0.06965,None,False,False,False,False,False,False
966,defect_scratch_0046.jpg,Defect,scratch_crack,0,0,0,0,0,1,68.0,DEGRADED,68.5,DEGRADED,0.0042,0.0094,0.0191,0.0037,0.042,0.6275,0.11896,defect(medium),False,False,False,False,False,True
967,defect_dust_0047.jpg,Defect,sensor_dust,0,0,0,0,0,1,70.0,DEGRADED,51.9,DEGRADED,0.1932,0.2826,0.0123,0.0017,0.3938,0.5716,0.23124,defect(high),False,False,False,False,False,True
968,defect_void_0048.jpg,Defect,cutout_void,0,0,0,0,0,1,55.0,DEGRADED,100.0,ACCEPTABLE,0.0675,0.0036,0.0138,0.0006,0.2328,0.5335,0.10053,None,False,False,False,False,False,False
969,defect_scratch_0049.jpg,Defect,scratch_crack,0,0,0,0,0,1,68.0,DEGRADED,100.0,ACCEPTABLE,0.0008,0.0127,0.0136,0.0487,0.0041,0.4834,0.10079,None,False,False,False,False,False,False
970,defect_dust_0050.jpg,Defect,sensor_dust,0,0,0,0,0,1,70.0,DEGRADED,70.6,DEGRADED,0.7733,0.0058,0.068,0.0007,0.442,0.0583,0.03185,blur(high),True,False,False,False,False,False
971,defect_void_0051.jpg,Defect,cutout_void,0,0,0,0,0,1,55.0,DEGRADED,68.5,DEGRADED,0.004,0.0136,0.0055,0.0139,0.012,0.6504,0.08534,defect(medium),False,False,False,False,False,True
972,defect_scratch_0052.jpg,Defect,scratch_crack,0,0,0,0,0,1,68.0,DEGRADED,100.0,ACCEPTABLE,0.0023,0.0034,0.0545,0.0039,0.0342,0.5285,0.1,None,False,False,False,False,False,False
973,defect_dust_0053.jpg,Defect,sensor_dust,0,0,0,0,0,1,70.0,DEGRADED,70.6,DEGRADED,0.7174,0.0085,0.0058,0.0001,0.2752,0.122,0.06445,blur(high),True,False,False,False,False,False
974,defect_void_0054.jpg,Defect,cutout_void,0,0,0,0,0,1,55.0,DEGRADED,54.5,DEGRADED,0.0006,0.0038,0.0098,0.018,0.0062,0.6857,0.13181,defect(high),False,False,False,False,False,True
975,defect_scratch_0055.jpg,Defect,scratch_crack,0,0,0,0,0,1,68.0,DEGRADED,68.5,DEGRADED,0.0005,0.0026,0.0141,0.0029,0.0197,0.631,0.09319,defect(medium),False,False,False,False,False,True
976,defect_dust_0056.jpg,Defect,sensor_dust,0,0,0,0,0,1,70.0,DEGRADED,70.6,DEGRADED,0.8579,0.0022,0.0012,0.0,0.2217,0.038,0.11556,blur(high),True,False,False,False,False,False
977,defect_void_0057.jpg,Defect,cutout_void,0,0,0,0,0,1,55.0,DEGRADED,68.5,DEGRADED,0.0029,0.0074,0.0054,0.0008,0.0545,0.6258,0.09801,defect(medium),False,False,False,False,False,True
978,defect_scratch_0058.jpg,Defect,scratch_crack,0,0,0,0,0,1,68.0,DEGRADED,88.8,ACCEPTABLE,0.0036,0.0416,0.0025,0.5537,0.0005,0.5439,0.11512,noise(medium),False,False,False,True,False,False
979,defect_dust_0059.jpg,Defect,sensor_dust,0,0,0,0,0,1,70.0,DEGRADED,70.6,DEGRADED,0.8566,0.0014,0.048,0.0028,0.0962,0.0772,0.14259,blur(high),True,False,False,False,False,False
980,defect_void_0060.jpg,Defect,cutout_void,0,0,0,0,0,1,55.0,DEGRADED,77.7,DEGRADED,0.055,0.0055,0.0034,0.0019,0.0599,0.4043,0.23229,defect(low),False,False,False,False,False,True
981,defect_scratch_0061.jpg,Defect,scratch_crack,0,0,0,0,0,1,68.0,DEGRADED,80.4,DEGRADED,0.0039,0.0006,0.1275,0.0078,0.0312,0.4991,0.16901,defect(low),False,False,False,False,False,True
982,defect_dust_0062.jpg,Defect,sensor_dust,0,0,0,0,0,1,70.0,DEGRADED,83.2,ACCEPTABLE,0.6223,0.0069,0.1934,0.007,0.3482,0.1489,0.08727,blur(medium),True,False,False,False,False,False
983,defect_void_0063.jpg,Defect,cutout_void,0,0,0,0,0,1,55.0,DEGRADED,100.0,ACCEPTABLE,0.02,0.0009,0.0181,0.1735,0.0062,0.4704,0.11591,None,False,False,False,False,False,False
984,defect_scratch_0064.jpg,Defect,scratch_crack,0,0,0,0,0,1,68.0,DEGRADED,54.5,DEGRADED,0.0026,0.004,0.0123,0.0024,0.0388,0.655,0.16112,defect(high),False,False,False,False,False,True
985,defect_dust_0065.jpg,Defect,sensor_dust,0,0,0,0,0,1,70.0,DEGRADED,49.5,DEGRADED,0.7583,0.0002,0.0162,0.0,0.8926,0.0081,0.20683,blur(high); corruption(high),True,False,False,False,True,False
986,defect_void_0066.jpg,Defect,cutout_void,0,0,0,0,0,1,55.0,DEGRADED,68.5,DEGRADED,0.0096,0.3746,0.0013,0.0069,0.0041,0.6693,0.0799,defect(medium),False,False,False,False,False,True
987,defect_scratch_0067.jpg,Defect,scratch_crack,0,0,0,0,0,1,68.0,DEGRADED,68.5,DEGRADED,0.0032,0.0032,0.0133,0.0024,0.0431,0.6341,0.07761,defect(medium),False,False,False,False,False,True
988,defect_dust_0068.jpg,Defect,sensor_dust,0,0,0,0,0,1,70.0,DEGRADED,70.6,DEGRADED,0.9385,0.0015,0.0056,0.0,0.4349,0.0231,0.06665,blur(high),True,False,False,False,False,False
989,defect_void_0069.jpg,Defect,cutout_void,0,0,0,0,0,1,55.0,DEGRADED,65.6,DEGRADED,0.0006,0.015,0.0047,0.2327,0.0009,0.6322,0.15633,noise(low); defect(medium),False,False,False,True,False,True
990,defect_scratch_0070.jpg,Defect,scratch_crack,0,0,0,0,0,1,68.0,DEGRADED,68.5,DEGRADED,0.0072,0.0034,0.025,0.0048,0.0689,0.6243,0.1033,defect(medium),False,False,False,False,False,True
991,defect_dust_0071.jpg,Defect,sensor_dust,0,0,0,0,0,1,70.0,DEGRADED,95.6,ACCEPTABLE,0.3079,0.0008,0.0219,0.0,0.6138,0.1197,0.1794,corruption(low),False,False,False,False,True,False
992,defect_void_0072.jpg,Defect,cutout_void,0,0,0,0,0,1,55.0,DEGRADED,100.0,ACCEPTABLE,0.0049,0.0011,0.06,0.0007,0.2013,0.4061,0.10829,None,False,False,False,False,False,False
993,defect_scratch_0073.jpg,Defect,scratch_crack,0,0,0,0,0,1,68.0,DEGRADED,54.5,DEFECTIVE,0.002,0.0193,0.0045,0.0056,0.0089,0.7126,0.06169,defect(high),False,False,False,False,False,True
994,defect_dust_0074.jpg,Defect,sensor_dust,0,0,0,0,0,1,70.0,DEGRADED,83.2,ACCEPTABLE,0.6524,0.0027,0.036,0.0003,0.3583,0.1088,0.0642,blur(medium),True,False,False,False,False,False
995,defect_void_0075.jpg,Defect,cutout_void,0,0,0,0,0,1,55.0,DEGRADED,100.0,ACCEPTABLE,0.0089,0.0011,0.1621,0.0025,0.111,0.3951,0.11898,None,False,False,False,False,False,False
996,defect_scratch_0076.jpg,Defect,scratch_crack,0,0,0,0,0,1,68.0,DEGRADED,54.5,DEFECTIVE,0.002,0.0061,0.0038,0.0008,0.0335,0.7281,0.1167,defect(high),False,False,False,False,False,True
997,defect_dust_0077.jpg,Defect,sensor_dust,0,0,0,0,0,1,70.0,DEGRADED,83.2,ACCEPTABLE,0.5602,0.001,0.0496,0.0007,0.158,0.1135,0.10356,blur(medium),True,False,False,False,False,False
998,defect_void_0078.jpg,Defect,cutout_void,0,0,0,0,0,1,55.0,DEGRADED,54.5,DEFECTIVE,0.0004,0.0105,0.0028,0.0002,0.0558,0.7089,0.16963,defect(high),False,False,False,False,False,True
999,defect_scratch_0079.jpg,Defect,scratch_crack,0,0,0,0,0,1,68.0,DEGRADED,54.5,DEFECTIVE,0.0011,0.0315,0.0075,0.0009,0.044,0.7245,0.06206,defect(high),False,False,False,False,False,True
1000,defect_dust_0080.jpg,Defect,sensor_dust,0,0,0,0,0,1,70.0,DEGRADED,70.6,DEGRADED,0.8266,0.0019,0.048,0.0004,0.2962,0.0438,0.06185,blur(high),True,False,False,False,False,False
1001,defect_void_0081.jpg,Defect,cutout_void,0,0,0,0,0,1,55.0,DEGRADED,100.0,ACCEPTABLE,0.3143,0.0469,0.0401,0.002,0.4258,0.3157,0.10806,None,False,False,False,False,False,False
1002,defect_scratch_0082.jpg,Defect,scratch_crack,0,0,0,0,0,1,68.0,DEGRADED,54.5,DEGRADED,0.0015,0.0036,0.0114,0.0006,0.0843,0.699,0.10832,defect(high),False,False,False,False,False,True
1003,defect_dust_0083.jpg,Defect,sensor_dust,0,0,0,0,0,1,70.0,DEGRADED,100.0,ACCEPTABLE,0.3436,0.0004,0.0524,0.0003,0.2271,0.1249,0.13387,None,False,False,False,False,False,False
1004,defect_void_0084.jpg,Defect,cutout_void,0,0,0,0,0,1,55.0,DEGRADED,100.0,ACCEPTABLE,0.0081,0.0007,0.0141,0.0003,0.2034,0.4852,0.10138,None,False,False,False,False,False,False
1005,defect_scratch_0085.jpg,Defect,scratch_crack,0,0,0,0,0,1,68.0,DEGRADED,68.5,DEGRADED,0.003,0.0029,0.0179,0.0049,0.0365,0.6625,0.07562,defect(medium),False,False,False,False,False,True
1006,defect_dust_0086.jpg,Defect,sensor_dust,0,0,0,0,0,1,70.0,DEGRADED,100.0,ACCEPTABLE,0.2958,0.0026,0.0455,0.0011,0.3869,0.2625,0.09218,None,False,False,False,False,False,False
1007,defect_void_0087.jpg,Defect,cutout_void,0,0,0,0,0,1,55.0,DEGRADED,68.5,DEGRADED,0.0005,0.0061,0.002,0.0084,0.004,0.6681,0.11603,defect(medium),False,False,False,False,False,True
1008,defect_scratch_0088.jpg,Defect,scratch_crack,0,0,0,0,0,1,68.0,DEGRADED,54.5,DEFECTIVE,0.0033,0.013,0.0052,0.0068,0.0258,0.7139,0.06679,defect(high),False,False,False,False,False,True
1009,defect_dust_0089.jpg,Defect,sensor_dust,0,0,0,0,0,1,70.0,DEGRADED,100.0,ACCEPTABLE,0.3489,0.0886,0.0017,0.0001,0.3139,0.2244,0.09196,None,False,False,False,False,False,False
1010,defect_void_0090.jpg,Defect,cutout_void,0,0,0,0,0,1,55.0,DEGRADED,44.7,DEFECTIVE,0.0011,0.002,0.0191,0.0031,0.0291,0.6205,0.38575,defect(high),False,False,False,False,False,True
1011,defect_scratch_0091.jpg,Defect,scratch_crack,0,0,0,0,0,1,68.0,DEGRADED,100.0,ACCEPTABLE,0.003,0.001,0.2143,0.0426,0.0187,0.466,0.13786,None,False,False,False,False,False,False
1012,defect_dust_0092.jpg,Defect,sensor_dust,0,0,0,0,0,1,70.0,DEGRADED,70.6,DEGRADED,0.754,0.0569,0.0086,0.0003,0.4295,0.1177,0.04678,blur(high),True,False,False,False,False,False
1013,defect_void_0093.jpg,Defect,cutout_void,0,0,0,0,0,1,55.0,DEGRADED,100.0,ACCEPTABLE,0.0016,0.0011,0.084,0.0025,0.0735,0.4018,0.098,None,False,False,False,False,False,False
1014,defect_scratch_0094.jpg,Defect,scratch_crack,0,0,0,0,0,1,68.0,DEGRADED,68.5,DEGRADED,0.001,0.0856,0.0053,0.0036,0.0209,0.6666,0.07805,defect(medium),False,False,False,False,False,True
1015,defect_dust_0095.jpg,Defect,sensor_dust,0,0,0,0,0,1,70.0,DEGRADED,36.3,DEFECTIVE,0.5276,0.0025,0.253,0.0033,0.4508,0.0661,0.31427,blur(medium); defect(high),True,False,False,False,False,True
1016,defect_void_0096.jpg,Defect,cutout_void,0,0,0,0,0,1,55.0,DEGRADED,87.4,ACCEPTABLE,0.0433,0.0054,0.0058,0.0001,0.6684,0.4862,0.08545,corruption(medium),False,False,False,False,True,False
1017,defect_scratch_0097.jpg,Defect,scratch_crack,0,0,0,0,0,1,68.0,DEGRADED,80.4,DEGRADED,0.0072,0.0012,0.0502,0.0096,0.042,0.5721,0.11261,defect(low),False,False,False,False,False,True
1018,defect_dust_0098.jpg,Defect,sensor_dust,0,0,0,0,0,1,70.0,DEGRADED,70.6,DEGRADED,0.7277,0.0103,0.0148,0.0003,0.4385,0.1267,0.03427,blur(high),True,False,False,False,False,False
1019,defect_void_0099.jpg,Defect,cutout_void,0,0,0,0,0,1,55.0,DEGRADED,100.0,ACCEPTABLE,0.0026,0.0011,0.0197,0.0027,0.0489,0.4721,0.14388,None,False,False,False,False,False,False
1020,defect_scratch_0100.jpg,Defect,scratch_crack,0,0,0,0,0,1,68.0,DEGRADED,54.5,DEFECTIVE,0.0004,0.003,0.0067,0.0004,0.0392,0.7362,0.14168,defect(high),False,False,False,False,False,True
1021,defect_dust_0101.jpg,Defect,sensor_dust,0,0,0,0,0,1,70.0,DEGRADED,70.6,DEGRADED,0.6771,0.0008,0.1668,0.0008,0.2027,0.0769,0.13635,blur(high),True,False,False,False,False,False
1022,defect_void_0102.jpg,Defect,cutout_void,0,0,0,0,0,1,55.0,DEGRADED,52.0,DEFECTIVE,0.0003,0.0104,0.0025,0.0021,0.0069,0.7295,0.22856,defect(high),False,False,False,False,False,True
1023,defect_scratch_0103.jpg,Defect,scratch_crack,0,0,0,0,0,1,68.0,DEGRADED,51.9,DEGRADED,0.0005,0.0177,0.006,0.0694,0.002,0.6548,0.23022,defect(high),False,False,False,False,False,True
1024,defect_dust_0104.jpg,Defect,sensor_dust,0,0,0,0,0,1,70.0,DEGRADED,70.6,DEGRADED,0.9531,0.0007,0.0014,0.0,0.2193,0.0177,0.097,blur(high),True,False,False,False,False,False
1025,defect_void_0105.jpg,Defect,cutout_void,0,0,0,0,0,1,55.0,DEGRADED,83.2,ACCEPTABLE,0.6565,0.0153,0.0623,0.009,0.0842,0.1543,0.04162,blur(medium),True,False,False,False,False,False
1026,defect_scratch_0106.jpg,Defect,scratch_crack,0,0,0,0,0,1,68.0,DEGRADED,68.5,DEGRADED,0.0054,0.0015,0.0308,0.0036,0.0856,0.6051,0.16228,defect(medium),False,False,False,False,False,True
1027,defect_dust_0107.jpg,Defect,sensor_dust,0,0,0,0,0,1,70.0,DEGRADED,81.8,ACCEPTABLE,0.6417,0.0005,0.0112,0.0001,0.2123,0.0903,0.20436,blur(medium),True,False,False,False,False,False
1028,defect_void_0108.jpg,Defect,cutout_void,0,0,0,0,0,1,55.0,DEGRADED,100.0,ACCEPTABLE,0.0024,0.0024,0.0169,0.0007,0.1986,0.1469,0.1278,None,False,False,False,False,False,False
1029,defect_scratch_0109.jpg,Defect,scratch_crack,0,0,0,0,0,1,68.0,DEGRADED,54.5,DEGRADED,0.0017,0.0015,0.0183,0.0082,0.0201,0.6419,0.15469,defect(high),False,False,False,False,False,True
1030,defect_dust_0110.jpg,Defect,sensor_dust,0,0,0,0,0,1,70.0,DEGRADED,70.6,DEGRADED,0.8395,0.0019,0.0067,0.0002,0.1513,0.0926,0.06418,blur(high),True,False,False,False,False,False
1031,defect_void_0111.jpg,Defect,cutout_void,0,0,0,0,0,1,55.0,DEGRADED,68.5,DEGRADED,0.0036,0.181,0.0014,0.0526,0.001,0.5773,0.14106,defect(medium),False,False,False,False,False,True
1032,defect_scratch_0112.jpg,Defect,scratch_crack,0,0,0,0,0,1,68.0,DEGRADED,54.5,DEFECTIVE,0.0023,0.0054,0.0094,0.0013,0.028,0.7205,0.1293,defect(high),False,False,False,False,False,True
1033,defect_dust_0113.jpg,Defect,sensor_dust,0,0,0,0,0,1,70.0,DEGRADED,70.6,DEGRADED,0.9255,0.0008,0.0076,0.0001,0.1185,0.0291,0.06665,blur(high),True,False,False,False,False,False
1034,defect_void_0114.jpg,Defect,cutout_void,0,0,0,0,0,1,55.0,DEGRADED,50.0,DEFECTIVE,0.0089,0.0096,0.0044,0.0032,0.0382,0.6488,0.27102,defect(high),False,False,False,False,False,True
1035,defect_scratch_0115.jpg,Defect,scratch_crack,0,0,0,0,0,1,68.0,DEGRADED,54.5,DEFECTIVE,0.0,0.2109,0.0001,0.0,0.006,0.8211,0.12664,defect(high),False,False,False,False,False,True
1036,defect_dust_0116.jpg,Defect,sensor_dust,0,0,0,0,0,1,70.0,DEGRADED,94.4,ACCEPTABLE,0.0687,0.8419,0.0054,0.002,0.1619,0.46,0.05026,underexposure(low),False,True,False,False,False,False
1037,defect_void_0117.jpg,Defect,cutout_void,0,0,0,0,0,1,55.0,DEGRADED,100.0,ACCEPTABLE,0.0103,0.0013,0.0252,0.0048,0.1294,0.4639,0.14549,None,False,False,False,False,False,False
1038,defect_scratch_0118.jpg,Defect,scratch_crack,0,0,0,0,0,1,68.0,DEGRADED,72.0,DEGRADED,0.0018,0.0002,0.1378,0.0,0.8095,0.0551,0.11983,corruption(high),False,False,False,False,True,False
1039,defect_dust_0119.jpg,Defect,sensor_dust,0,0,0,0,0,1,70.0,DEGRADED,70.6,DEGRADED,0.7356,0.0352,0.0019,0.0002,0.1249,0.1756,0.11194,blur(high),True,False,False,False,False,False
1040,defect_void_0120.jpg,Defect,cutout_void,0,0,0,0,0,1,55.0,DEGRADED,100.0,ACCEPTABLE,0.1265,0.1869,0.0055,0.0032,0.0726,0.4629,0.07228,None,False,False,False,False,False,False
1041,defect_scratch_0121.jpg,Defect,scratch_crack,0,0,0,0,0,1,68.0,DEGRADED,68.5,DEGRADED,0.0163,0.002,0.0216,0.0073,0.0604,0.6051,0.12588,defect(medium),False,False,False,False,False,True
1042,defect_dust_0122.jpg,Defect,sensor_dust,0,0,0,0,0,1,70.0,DEGRADED,70.6,DEGRADED,0.8475,0.011,0.0127,0.0006,0.2275,0.1234,0.12185,blur(high),True,False,False,False,False,False
1043,defect_void_0123.jpg,Defect,cutout_void,0,0,0,0,0,1,55.0,DEGRADED,80.4,DEGRADED,0.0451,0.0258,0.0145,0.007,0.1706,0.5763,0.06525,defect(low),False,False,False,False,False,True
1044,defect_scratch_0124.jpg,Defect,scratch_crack,0,0,0,0,0,1,68.0,DEGRADED,54.5,DEFECTIVE,0.0002,0.0106,0.0044,0.0203,0.0022,0.7275,0.12774,defect(high),False,False,False,False,False,True
1045,defect_dust_0125.jpg,Defect,sensor_dust,0,0,0,0,0,1,70.0,DEGRADED,70.6,DEGRADED,0.8764,0.0103,0.0027,0.0002,0.0953,0.0601,0.07453,blur(high),True,False,False,False,False,False
1046,defect_void_0126.jpg,Defect,cutout_void,0,0,0,0,0,1,55.0,DEGRADED,54.5,DEGRADED,0.0006,0.0043,0.0063,0.0179,0.0043,0.6483,0.13555,defect(high),False,False,False,False,False,True
1047,defect_scratch_0127.jpg,Defect,scratch_crack,0,0,0,0,0,1,68.0,DEGRADED,54.5,DEFECTIVE,0.0005,0.0233,0.0019,0.0013,0.0123,0.7914,0.08537,defect(high),False,False,False,False,False,True
1048,defect_dust_0128.jpg,Defect,sensor_dust,0,0,0,0,0,1,70.0,DEGRADED,70.6,DEGRADED,0.8731,0.003,0.0496,0.0013,0.0815,0.0352,0.02951,blur(high),True,False,False,False,False,False
1049,defect_void_0129.jpg,Defect,cutout_void,0,0,0,0,0,1,55.0,DEGRADED,78.4,DEGRADED,0.0203,0.0078,0.0075,0.0001,0.2545,0.3846,0.21753,defect(low),False,False,False,False,False,True
1050,defect_scratch_0130.jpg,Defect,scratch_crack,0,0,0,0,0,1,68.0,DEGRADED,68.5,DEGRADED,0.0039,0.0047,0.012,0.0013,0.072,0.6797,0.06464,defect(medium),False,False,False,False,False,True
1051,defect_dust_0131.jpg,Defect,sensor_dust,0,0,0,0,0,1,70.0,DEGRADED,82.5,ACCEPTABLE,0.3884,0.0022,0.0182,0.0001,0.6606,0.1302,0.13506,blur(low); corruption(medium),True,False,False,False,True,False
1052,defect_void_0132.jpg,Defect,cutout_void,0,0,0,0,0,1,55.0,DEGRADED,100.0,ACCEPTABLE,0.0657,0.0014,0.0912,0.0091,0.0876,0.4599,0.09099,None,False,False,False,False,False,False
1053,defect_scratch_0133.jpg,Defect,scratch_crack,0,0,0,0,0,1,68.0,DEGRADED,54.5,DEFECTIVE,0.0002,0.0134,0.0008,0.021,0.0014,0.7349,0.11131,defect(high),False,False,False,False,False,True
1054,defect_dust_0134.jpg,Defect,sensor_dust,0,0,0,0,0,1,70.0,DEGRADED,89.1,ACCEPTABLE,0.4218,0.001,0.3972,0.0009,0.2381,0.0593,0.11384,blur(low); overexposure(low),True,False,True,False,False,False
1055,defect_void_0135.jpg,Defect,cutout_void,0,0,0,0,0,1,55.0,DEGRADED,53.3,DEGRADED,0.0026,0.0045,0.0047,0.0013,0.067,0.6021,0.19991,defect(high),False,False,False,False,False,True
1056,defect_scratch_0136.jpg,Defect,scratch_crack,0,0,0,0,0,1,68.0,DEGRADED,100.0,ACCEPTABLE,0.0049,0.004,0.2224,0.0056,0.0766,0.4836,0.10773,None,False,False,False,False,False,False
1057,defect_dust_0137.jpg,Defect,sensor_dust,0,0,0,0,0,1,70.0,DEGRADED,70.6,DEGRADED,0.2646,0.0007,0.8544,0.0007,0.3239,0.0258,0.14477,overexposure(high),False,False,True,False,False,False
1058,defect_void_0138.jpg,Defect,cutout_void,0,0,0,0,0,1,55.0,DEGRADED,80.4,DEGRADED,0.0276,0.0043,0.0304,0.0047,0.0942,0.5687,0.06629,defect(low),False,False,False,False,False,True
1059,defect_scratch_0139.jpg,Defect,scratch_crack,0,0,0,0,0,1,68.0,DEGRADED,48.4,DEFECTIVE,0.009,0.0239,0.0068,0.0864,0.0049,0.5813,0.30662,defect(high),False,False,False,False,False,True
1060,defect_dust_0140.jpg,Defect,sensor_dust,0,0,0,0,0,1,70.0,DEGRADED,70.6,DEGRADED,0.689,0.0024,0.0202,0.0001,0.4184,0.085,0.0869,blur(high),True,False,False,False,False,False
1061,defect_void_0141.jpg,Defect,cutout_void,0,0,0,0,0,1,55.0,DEGRADED,100.0,ACCEPTABLE,0.1131,0.0058,0.0084,0.0001,0.5143,0.3532,0.11571,None,False,False,False,False,False,False
1062,defect_scratch_0142.jpg,Defect,scratch_crack,0,0,0,0,0,1,68.0,DEGRADED,54.5,DEFECTIVE,0.0024,0.007,0.0151,0.0034,0.035,0.7408,0.08886,defect(high),False,False,False,False,False,True
1063,defect_dust_0143.jpg,Defect,sensor_dust,0,0,0,0,0,1,70.0,DEGRADED,70.6,DEGRADED,0.7902,0.0055,0.0705,0.0013,0.2177,0.0621,0.03152,blur(high),True,False,False,False,False,False
1064,defect_void_0144.jpg,Defect,cutout_void,0,0,0,0,0,1,55.0,DEGRADED,100.0,ACCEPTABLE,0.0019,0.0028,0.0088,0.002,0.0389,0.4331,0.13339,None,False,False,False,False,False,False
1065,defect_scratch_0145.jpg,Defect,scratch_crack,0,0,0,0,0,1,68.0,DEGRADED,54.5,DEFECTIVE,0.0,0.2416,0.0002,0.0004,0.003,0.7812,0.12606,defect(high),False,False,False,False,False,True
1066,defect_dust_0146.jpg,Defect,sensor_dust,0,0,0,0,0,1,70.0,DEGRADED,69.2,DEGRADED,0.0663,0.9054,0.0048,0.0015,0.1389,0.2904,0.20504,underexposure(high),False,True,False,False,False,False
1067,defect_void_0147.jpg,Defect,cutout_void,0,0,0,0,0,1,55.0,DEGRADED,100.0,ACCEPTABLE,0.0164,0.0073,0.0028,0.0002,0.1347,0.4952,0.07514,None,False,False,False,False,False,False
1068,defect_scratch_0148.jpg,Defect,scratch_crack,0,0,0,0,0,1,68.0,DEGRADED,54.5,DEFECTIVE,0.003,0.0036,0.0041,0.0002,0.2063,0.7317,0.10272,defect(high),False,False,False,False,False,True
1069,defect_dust_0149.jpg,Defect,sensor_dust,0,0,0,0,0,1,70.0,DEGRADED,70.6,DEGRADED,0.0355,0.9701,0.0031,0.0071,0.0224,0.3966,0.0154,underexposure(high),False,True,False,False,False,False
1070,defect_void_0150.jpg,Defect,cutout_void,0,0,0,0,0,1,55.0,DEGRADED,100.0,ACCEPTABLE,0.0087,0.0103,0.1118,0.0093,0.0407,0.5198,0.06999,None,False,False,False,False,False,False
1071,defect_scratch_0151.jpg,Defect,scratch_crack,0,0,0,0,0,1,68.0,DEGRADED,54.5,DEFECTIVE,0.0001,0.3695,0.0012,0.0001,0.0657,0.7287,0.14508,defect(high),False,False,False,False,False,True
1072,defect_dust_0152.jpg,Defect,sensor_dust,0,0,0,0,0,1,70.0,DEGRADED,70.6,DEGRADED,0.9262,0.0215,0.0046,0.0005,0.0752,0.0508,0.06933,blur(high),True,False,False,False,False,False
1073,defect_void_0153.jpg,Defect,cutout_void,0,0,0,0,0,1,55.0,DEGRADED,83.2,ACCEPTABLE,0.5911,0.012,0.0253,0.0573,0.0138,0.1824,0.06783,blur(medium),True,False,False,False,False,False
1074,defect_scratch_0154.jpg,Defect,scratch_crack,0,0,0,0,0,1,68.0,DEGRADED,68.5,DEGRADED,0.001,0.0023,0.0225,0.0047,0.018,0.5952,0.07432,defect(medium),False,False,False,False,False,True
1075,defect_dust_0155.jpg,Defect,sensor_dust,0,0,0,0,0,1,70.0,DEGRADED,70.6,DEGRADED,0.979,0.0006,0.0032,0.0001,0.0629,0.0146,0.05266,blur(high),True,False,False,False,False,False
1076,defect_void_0156.jpg,Defect,cutout_void,0,0,0,0,0,1,55.0,DEGRADED,68.5,DEGRADED,0.0375,0.0132,0.0057,0.0649,0.0061,0.556,0.12029,defect(medium),False,False,False,False,False,True
1077,defect_scratch_0157.jpg,Defect,scratch_crack,0,0,0,0,0,1,68.0,DEGRADED,68.5,DEGRADED,0.0001,0.0842,0.0011,0.0005,0.0102,0.6672,0.08721,defect(medium),False,False,False,False,False,True
1078,defect_dust_0158.jpg,Defect,sensor_dust,0,0,0,0,0,1,70.0,DEGRADED,93.0,ACCEPTABLE,0.4387,0.0034,0.0485,0.0005,0.3137,0.1121,0.07264,blur(low),True,False,False,False,False,False
1079,defect_void_0159.jpg,Defect,cutout_void,0,0,0,0,0,1,55.0,DEGRADED,68.5,DEGRADED,0.0628,0.004,0.0056,0.0002,0.4468,0.5802,0.12313,defect(medium),False,False,False,False,False,True
1080,defect_scratch_0160.jpg,Defect,scratch_crack,0,0,0,0,0,1,68.0,DEGRADED,100.0,ACCEPTABLE,0.0191,0.0177,0.0147,0.0007,0.3523,0.5557,0.04414,None,False,False,False,False,False,False
1081,defect_dust_0161.jpg,Defect,sensor_dust,0,0,0,0,0,1,70.0,DEGRADED,70.6,DEGRADED,0.7802,0.0014,0.0149,0.0003,0.1833,0.0893,0.09609,blur(high),True,False,False,False,False,False
1082,defect_void_0162.jpg,Defect,cutout_void,0,0,0,0,0,1,55.0,DEGRADED,68.5,DEGRADED,0.0011,0.0039,0.0194,0.0004,0.2105,0.5415,0.17133,defect(medium),False,False,False,False,False,True
1083,defect_scratch_0163.jpg,Defect,scratch_crack,0,0,0,0,0,1,68.0,DEGRADED,68.5,DEGRADED,0.0003,0.0056,0.0055,0.0052,0.005,0.6016,0.17156,defect(medium),False,False,False,False,False,True
1084,defect_dust_0164.jpg,Defect,sensor_dust,0,0,0,0,0,1,70.0,DEGRADED,70.6,DEGRADED,0.8946,0.033,0.0183,0.0015,0.0832,0.0387,0.04038,blur(high),True,False,False,False,False,False
1085,defect_void_0165.jpg,Defect,cutout_void,0,0,0,0,0,1,55.0,DEGRADED,100.0,ACCEPTABLE,0.016,0.1378,0.0093,0.1523,0.0029,0.4093,0.08161,None,False,False,False,False,False,False
1086,defect_scratch_0166.jpg,Defect,scratch_crack,0,0,0,0,0,1,68.0,DEGRADED,100.0,ACCEPTABLE,0.0125,0.3966,0.0251,0.0045,0.1326,0.5115,0.0411,None,False,False,False,False,False,False
1087,defect_dust_0167.jpg,Defect,sensor_dust,0,0,0,0,0,1,70.0,DEGRADED,70.6,DEGRADED,0.873,0.0296,0.0325,0.0032,0.1342,0.0832,0.07474,blur(high),True,False,False,False,False,False
1088,defect_void_0168.jpg,Defect,cutout_void,0,0,0,0,0,1,55.0,DEGRADED,68.5,DEGRADED,0.0017,0.0011,0.073,0.1524,0.0078,0.5284,0.14338,defect(medium),False,False,False,False,False,True
1089,defect_scratch_0169.jpg,Defect,scratch_crack,0,0,0,0,0,1,68.0,DEGRADED,68.5,DEGRADED,0.0014,0.0552,0.0027,0.0019,0.0263,0.7079,0.05545,defect(medium),False,False,False,False,False,True
1090,defect_dust_0170.jpg,Defect,sensor_dust,0,0,0,0,0,1,70.0,DEGRADED,70.6,DEGRADED,0.887,0.0019,0.0206,0.0003,0.141,0.0359,0.06266,blur(high),True,False,False,False,False,False
1091,defect_void_0171.jpg,Defect,cutout_void,0,0,0,0,0,1,55.0,DEGRADED,100.0,ACCEPTABLE,0.0103,0.0006,0.0587,0.1059,0.0311,0.2004,0.12684,None,False,False,False,False,False,False
1092,defect_scratch_0172.jpg,Defect,scratch_crack,0,0,0,0,0,1,68.0,DEGRADED,54.5,DEGRADED,0.0003,0.0045,0.0089,0.0006,0.031,0.6617,0.14105,defect(high),False,False,False,False,False,True
1093,defect_dust_0173.jpg,Defect,sensor_dust,0,0,0,0,0,1,70.0,DEGRADED,70.6,DEGRADED,0.819,0.0407,0.0161,0.0017,0.0883,0.087,0.09122,blur(high),True,False,False,False,False,False
1094,defect_void_0174.jpg,Defect,cutout_void,0,0,0,0,0,1,55.0,DEGRADED,51.3,DEGRADED,0.0042,0.0017,0.0077,0.0009,0.0576,0.5738,0.24305,defect(high),False,False,False,False,False,True
1095,defect_scratch_0175.jpg,Defect,scratch_crack,0,0,0,0,0,1,68.0,DEGRADED,68.5,DEGRADED,0.0011,0.0075,0.0187,0.0008,0.0784,0.5355,0.16448,defect(medium),False,False,False,False,False,True
1096,defect_dust_0176.jpg,Defect,sensor_dust,0,0,0,0,0,1,70.0,DEGRADED,100.0,ACCEPTABLE,0.0299,0.7321,0.0203,0.0007,0.4233,0.2314,0.11928,None,False,False,False,False,False,False
1097,defect_void_0177.jpg,Defect,cutout_void,0,0,0,0,0,1,55.0,DEGRADED,39.1,DEFECTIVE,0.4317,0.2673,0.0135,0.0063,0.0451,0.2595,0.43996,blur(low); defect(high),True,False,False,False,False,True
1098,defect_scratch_0178.jpg,Defect,scratch_crack,0,0,0,0,0,1,68.0,DEGRADED,68.5,DEGRADED,0.0073,0.0256,0.0038,0.0001,0.3561,0.6169,0.11447,defect(medium),False,False,False,False,False,True
1099,defect_dust_0179.jpg,Defect,sensor_dust,0,0,0,0,0,1,70.0,DEGRADED,70.6,DEGRADED,0.8158,0.0058,0.0365,0.0005,0.3442,0.0599,0.0991,blur(high),True,False,False,False,False,False
1100,defect_void_0180.jpg,Defect,cutout_void,0,0,0,0,0,1,55.0,DEGRADED,100.0,ACCEPTABLE,0.0603,0.0086,0.0076,0.0002,0.3752,0.5431,0.05699,None,False,False,False,False,False,False
1101,multi_blur_noise_0001.jpg,Multi,blur_noise,1,0,0,1,0,0,52.0,DEGRADED,63.0,DEGRADED,0.65,0.0021,0.0001,1.0,0.0,0.2417,0.0938,blur(medium); noise(high),True,False,False,True,False,False
1102,multi_under_noise_0002.jpg,Multi,under_noise,0,1,0,1,0,0,50.0,DEGRADED,53.0,DEGRADED,0.0006,0.9997,0.0,1.0,0.0,0.0073,0.04103,underexposure(high); noise(high),False,True,False,True,False,False
1103,multi_defect_blur_jpeg_0003.jpg,Multi,defect_blur_jpeg,1,0,0,0,1,1,38.0,DEFECTIVE,61.8,DEGRADED,0.7776,0.0065,0.014,0.0001,0.7312,0.0818,0.06653,blur(high); corruption(medium),True,False,False,False,True,False
1104,multi_blur_noise_0004.jpg,Multi,blur_noise,1,0,0,1,0,0,52.0,DEGRADED,53.0,DEGRADED,0.8319,0.0128,0.0,1.0,0.0,0.1134,0.09605,blur(high); noise(high),True,False,False,True,False,False
1105,multi_under_noise_0005.jpg,Multi,under_noise,0,1,0,1,0,0,50.0,DEGRADED,53.0,DEGRADED,0.0069,0.9926,0.0,1.0,0.0,0.0228,0.1624,underexposure(high); noise(high),False,True,False,True,False,False
1106,multi_defect_blur_jpeg_0006.jpg,Multi,defect_blur_jpeg,1,0,0,0,1,1,38.0,DEFECTIVE,70.6,DEGRADED,0.9246,0.0218,0.0146,0.0004,0.372,0.0411,0.06162,blur(high),True,False,False,False,False,False
1107,multi_blur_noise_0007.jpg,Multi,blur_noise,1,0,0,1,0,0,52.0,DEGRADED,53.0,DEGRADED,0.887,0.011,0.0,1.0,0.0,0.083,0.06075,blur(high); noise(high),True,False,False,True,False,False
1108,multi_under_noise_0008.jpg,Multi,under_noise,0,1,0,1,0,0,50.0,DEGRADED,53.0,DEGRADED,0.0003,0.9998,0.0,1.0,0.0,0.0062,0.07627,underexposure(high); noise(high),False,True,False,True,False,False
1109,multi_defect_blur_jpeg_0009.jpg,Multi,defect_blur_jpeg,1,0,0,0,1,1,38.0,DEFECTIVE,70.6,DEGRADED,0.9035,0.0035,0.0208,0.0004,0.3482,0.0602,0.06911,blur(high),True,False,False,False,False,False
1110,multi_blur_noise_0010.jpg,Multi,blur_noise,1,0,0,1,0,0,52.0,DEGRADED,53.0,DEGRADED,0.9413,0.0078,0.0,1.0,0.0,0.0463,0.06099,blur(high); noise(high),True,False,False,True,False,False
1111,multi_under_noise_0011.jpg,Multi,under_noise,0,1,0,1,0,0,50.0,DEGRADED,16.0,DEFECTIVE,0.0023,0.9982,0.0,1.0,0.0,0.0159,0.29055,underexposure(high); noise(high); defect(high),False,True,False,True,False,True
1112,multi_defect_blur_jpeg_0012.jpg,Multi,defect_blur_jpeg,1,0,0,0,1,1,38.0,DEFECTIVE,70.6,DEGRADED,0.8009,0.0022,0.1009,0.0002,0.5113,0.0292,0.04407,blur(high),True,False,False,False,False,False
1113,multi_blur_noise_0013.jpg,Multi,blur_noise,1,0,0,1,0,0,52.0,DEGRADED,63.0,DEGRADED,0.6569,0.0538,0.0,1.0,0.0,0.1247,0.04504,blur(medium); noise(high),True,False,False,True,False,False
1114,multi_under_noise_0014.jpg,Multi,under_noise,0,1,0,1,0,0,50.0,DEGRADED,17.9,DEFECTIVE,0.0013,0.9991,0.0,1.0,0.0,0.0128,0.24898,underexposure(high); noise(high); defect(high),False,True,False,True,False,True
1115,multi_defect_blur_jpeg_0015.jpg,Multi,defect_blur_jpeg,1,0,0,0,1,1,38.0,DEFECTIVE,70.6,DEGRADED,0.8713,0.0015,0.0608,0.0007,0.2985,0.063,0.05542,blur(high),True,False,False,False,False,False
1116,multi_blur_noise_0016.jpg,Multi,blur_noise,1,0,0,1,0,0,52.0,DEGRADED,63.0,DEGRADED,0.5532,0.0162,0.0,1.0,0.0,0.2095,0.06838,blur(medium); noise(high),True,False,False,True,False,False
1117,multi_under_noise_0017.jpg,Multi,under_noise,0,1,0,1,0,0,50.0,DEGRADED,53.0,DEGRADED,0.0009,0.9995,0.0,1.0,0.0,0.0091,0.06415,underexposure(high); noise(high),False,True,False,True,False,False
1118,multi_defect_blur_jpeg_0018.jpg,Multi,defect_blur_jpeg,1,0,0,0,1,1,38.0,DEFECTIVE,70.6,DEGRADED,0.9483,0.0074,0.0095,0.0002,0.2909,0.0354,0.08117,blur(high),True,False,False,False,False,False
1119,multi_blur_noise_0019.jpg,Multi,blur_noise,1,0,0,1,0,0,52.0,DEGRADED,63.0,DEGRADED,0.6728,0.0244,0.0,1.0,0.0,0.1549,0.05776,blur(medium); noise(high),True,False,False,True,False,False
1120,multi_under_noise_0020.jpg,Multi,under_noise,0,1,0,1,0,0,50.0,DEGRADED,53.0,DEGRADED,0.0004,0.9998,0.0,1.0,0.0,0.007,0.05024,underexposure(high); noise(high),False,True,False,True,False,False
1121,multi_defect_blur_jpeg_0021.jpg,Multi,defect_blur_jpeg,1,0,0,0,1,1,38.0,DEFECTIVE,67.7,DEGRADED,0.8737,0.0135,0.0535,0.0004,0.5497,0.0307,0.10841,blur(high); corruption(low),True,False,False,False,True,False
1122,multi_blur_noise_0022.jpg,Multi,blur_noise,1,0,0,1,0,0,52.0,DEGRADED,63.0,DEGRADED,0.5818,0.0032,0.0001,1.0,0.0,0.249,0.09201,blur(medium); noise(high),True,False,False,True,False,False
1123,multi_under_noise_0023.jpg,Multi,under_noise,0,1,0,1,0,0,50.0,DEGRADED,53.0,DEGRADED,0.0029,0.9979,0.0,1.0,0.0,0.0151,0.08398,underexposure(high); noise(high),False,True,False,True,False,False
1124,multi_defect_blur_jpeg_0024.jpg,Multi,defect_blur_jpeg,1,0,0,0,1,1,38.0,DEFECTIVE,70.6,DEGRADED,0.7352,0.0008,0.0322,0.0001,0.4544,0.0717,0.044,blur(high),True,False,False,False,False,False
1125,multi_blur_noise_0025.jpg,Multi,blur_noise,1,0,0,1,0,0,52.0,DEGRADED,74.8,DEGRADED,0.3266,0.0036,0.0001,1.0,0.0,0.3219,0.05889,noise(high),False,False,False,True,False,False
1126,multi_under_noise_0026.jpg,Multi,under_noise,0,1,0,1,0,0,50.0,DEGRADED,53.0,DEGRADED,0.0009,0.9995,0.0,1.0,0.0,0.0094,0.13045,underexposure(high); noise(high),False,True,False,True,False,False
1127,multi_defect_blur_jpeg_0027.jpg,Multi,defect_blur_jpeg,1,0,0,0,1,1,38.0,DEFECTIVE,61.8,DEGRADED,0.8837,0.003,0.0219,0.0001,0.6554,0.0295,0.06598,blur(high); corruption(medium),True,False,False,False,True,False
1128,multi_blur_noise_0028.jpg,Multi,blur_noise,1,0,0,1,0,0,52.0,DEGRADED,63.0,DEGRADED,0.5458,0.0106,0.0,1.0,0.0,0.2117,0.06254,blur(medium); noise(high),True,False,False,True,False,False
1129,multi_under_noise_0029.jpg,Multi,under_noise,0,1,0,1,0,0,50.0,DEGRADED,53.0,DEGRADED,0.0003,0.9998,0.0,1.0,0.0,0.0066,0.04487,underexposure(high); noise(high),False,True,False,True,False,False
1130,multi_defect_blur_jpeg_0030.jpg,Multi,defect_blur_jpeg,1,0,0,0,1,1,38.0,DEFECTIVE,70.6,DEGRADED,0.882,0.002,0.0167,0.0002,0.355,0.0649,0.16576,blur(high),True,False,False,False,False,False
1131,multi_blur_noise_0031.jpg,Multi,blur_noise,1,0,0,1,0,0,52.0,DEGRADED,53.0,DEGRADED,0.6988,0.0029,0.0001,1.0,0.0,0.2198,0.05688,blur(high); noise(high),True,False,False,True,False,False
1132,multi_under_noise_0032.jpg,Multi,under_noise,0,1,0,1,0,0,50.0,DEGRADED,53.0,DEGRADED,0.0003,0.9998,0.0,1.0,0.0,0.0058,0.05264,underexposure(high); noise(high),False,True,False,True,False,False
1133,multi_defect_blur_jpeg_0033.jpg,Multi,defect_blur_jpeg,1,0,0,0,1,1,38.0,DEFECTIVE,70.6,DEGRADED,0.9218,0.0015,0.0342,0.0004,0.2061,0.0379,0.04633,blur(high),True,False,False,False,False,False
1134,multi_blur_noise_0034.jpg,Multi,blur_noise,1,0,0,1,0,0,52.0,DEGRADED,53.0,DEGRADED,0.7463,0.2734,0.0,1.0,0.0,0.0423,0.03661,blur(high); noise(high),True,False,False,True,False,False
1135,multi_under_noise_0035.jpg,Multi,under_noise,0,1,0,1,0,0,50.0,DEGRADED,53.0,DEGRADED,0.0009,0.9997,0.0,1.0,0.0,0.0063,0.04551,underexposure(high); noise(high),False,True,False,True,False,False
1136,multi_defect_blur_jpeg_0036.jpg,Multi,defect_blur_jpeg,1,0,0,0,1,1,38.0,DEFECTIVE,51.0,DEGRADED,0.7781,0.0033,0.0146,0.0,0.8316,0.04,0.06354,blur(high); corruption(high),True,False,False,False,True,False
1137,multi_blur_noise_0037.jpg,Multi,blur_noise,1,0,0,1,0,0,52.0,DEGRADED,53.0,DEGRADED,0.867,0.006,0.0,1.0,0.0,0.1155,0.07547,blur(high); noise(high),True,False,False,True,False,False
1138,multi_under_noise_0038.jpg,Multi,under_noise,0,1,0,1,0,0,50.0,DEGRADED,50.3,DEGRADED,0.0006,0.9996,0.0,1.0,0.0,0.0091,0.23207,underexposure(high); noise(high),False,True,False,True,False,False
1139,multi_defect_blur_jpeg_0039.jpg,Multi,defect_blur_jpeg,1,0,0,0,1,1,38.0,DEFECTIVE,70.6,DEGRADED,0.761,0.0025,0.0121,0.0002,0.3721,0.1165,0.07041,blur(high),True,False,False,False,False,False
1140,multi_blur_noise_0040.jpg,Multi,blur_noise,1,0,0,1,0,0,52.0,DEGRADED,63.0,DEGRADED,0.5551,0.0087,0.0001,1.0,0.0,0.2274,0.06574,blur(medium); noise(high),True,False,False,True,False,False
1141,multi_under_noise_0041.jpg,Multi,under_noise,0,1,0,1,0,0,50.0,DEGRADED,53.0,DEGRADED,0.0018,0.9991,0.0,0.9999,0.0,0.0122,0.14211,underexposure(high); noise(high),False,True,False,True,False,False
1142,multi_defect_blur_jpeg_0042.jpg,Multi,defect_blur_jpeg,1,0,0,0,1,1,38.0,DEFECTIVE,70.6,DEGRADED,0.9057,0.0067,0.0122,0.0001,0.4862,0.046,0.10171,blur(high),True,False,False,False,False,False
1143,multi_blur_noise_0043.jpg,Multi,blur_noise,1,0,0,1,0,0,52.0,DEGRADED,53.0,DEGRADED,0.6879,0.0365,0.0,1.0,0.0,0.1337,0.06206,blur(high); noise(high),True,False,False,True,False,False
1144,multi_under_noise_0044.jpg,Multi,under_noise,0,1,0,1,0,0,50.0,DEGRADED,53.0,DEGRADED,0.0002,0.9999,0.0,1.0,0.0,0.0055,0.05036,underexposure(high); noise(high),False,True,False,True,False,False
1145,multi_defect_blur_jpeg_0045.jpg,Multi,defect_blur_jpeg,1,0,0,0,1,1,38.0,DEFECTIVE,70.6,DEGRADED,0.8176,0.017,0.1044,0.0028,0.4269,0.0682,0.03318,blur(high),True,False,False,False,False,False
1146,multi_blur_noise_0046.jpg,Multi,blur_noise,1,0,0,1,0,0,52.0,DEGRADED,53.0,DEGRADED,0.8768,0.0016,0.0,1.0,0.0,0.1233,0.14726,blur(high); noise(high),True,False,False,True,False,False
1147,multi_under_noise_0047.jpg,Multi,under_noise,0,1,0,1,0,0,50.0,DEGRADED,53.0,DEGRADED,0.0008,0.9996,0.0,0.9999,0.0,0.0097,0.06078,underexposure(high); noise(high),False,True,False,True,False,False
1148,multi_defect_blur_jpeg_0048.jpg,Multi,defect_blur_jpeg,1,0,0,0,1,1,38.0,DEFECTIVE,70.6,DEGRADED,0.9267,0.0061,0.0295,0.0011,0.3023,0.0614,0.0618,blur(high),True,False,False,False,False,False
1149,multi_blur_noise_0049.jpg,Multi,blur_noise,1,0,0,1,0,0,52.0,DEGRADED,63.0,DEGRADED,0.6128,0.0028,0.0001,1.0,0.0,0.2393,0.07593,blur(medium); noise(high),True,False,False,True,False,False
1150,multi_under_noise_0050.jpg,Multi,under_noise,0,1,0,1,0,0,50.0,DEGRADED,53.0,DEGRADED,0.0005,0.9997,0.0,1.0,0.0,0.007,0.12038,underexposure(high); noise(high),False,True,False,True,False,False
1151,multi_defect_blur_jpeg_0051.jpg,Multi,defect_blur_jpeg,1,0,0,0,1,1,38.0,DEFECTIVE,70.6,DEGRADED,0.7451,0.0933,0.0138,0.001,0.4173,0.1648,0.05779,blur(high),True,False,False,False,False,False
1152,multi_blur_noise_0052.jpg,Multi,blur_noise,1,0,0,1,0,0,52.0,DEGRADED,63.0,DEGRADED,0.6269,0.0309,0.0,1.0,0.0,0.1644,0.08746,blur(medium); noise(high),True,False,False,True,False,False
1153,multi_under_noise_0053.jpg,Multi,under_noise,0,1,0,1,0,0,50.0,DEGRADED,53.0,DEGRADED,0.0004,0.9998,0.0,1.0,0.0,0.0063,0.03056,underexposure(high); noise(high),False,True,False,True,False,False
1154,multi_defect_blur_jpeg_0054.jpg,Multi,defect_blur_jpeg,1,0,0,0,1,1,38.0,DEFECTIVE,70.6,DEGRADED,0.8697,0.0023,0.0212,0.0002,0.4521,0.0648,0.15975,blur(high),True,False,False,False,False,False
1155,multi_blur_noise_0055.jpg,Multi,blur_noise,1,0,0,1,0,0,52.0,DEGRADED,53.0,DEGRADED,0.0874,0.9462,0.0,1.0,0.0,0.0327,0.06602,underexposure(high); noise(high),False,True,False,True,False,False
1156,multi_under_noise_0056.jpg,Multi,under_noise,0,1,0,1,0,0,50.0,DEGRADED,53.0,DEGRADED,0.0002,0.9999,0.0,1.0,0.0,0.0041,0.05243,underexposure(high); noise(high),False,True,False,True,False,False
1157,multi_defect_blur_jpeg_0057.jpg,Multi,defect_blur_jpeg,1,0,0,0,1,1,38.0,DEFECTIVE,60.2,DEGRADED,0.6281,0.0031,0.0204,0.0001,0.8428,0.0836,0.04622,blur(medium); corruption(high),True,False,False,False,True,False
1158,multi_blur_noise_0058.jpg,Multi,blur_noise,1,0,0,1,0,0,52.0,DEGRADED,63.0,DEGRADED,0.6211,0.0137,0.0,1.0,0.0,0.1947,0.07106,blur(medium); noise(high),True,False,False,True,False,False
1159,multi_under_noise_0059.jpg,Multi,under_noise,0,1,0,1,0,0,50.0,DEGRADED,53.0,DEGRADED,0.0002,0.9999,0.0,1.0,0.0,0.0052,0.03242,underexposure(high); noise(high),False,True,False,True,False,False
1160,multi_defect_blur_jpeg_0060.jpg,Multi,defect_blur_jpeg,1,0,0,0,1,1,38.0,DEFECTIVE,70.6,DEGRADED,0.7964,0.0387,0.0323,0.0016,0.3876,0.1191,0.06261,blur(high),True,False,False,False,False,False
1161,multi_blur_noise_0061.jpg,Multi,blur_noise,1,0,0,1,0,0,52.0,DEGRADED,53.0,DEGRADED,0.9357,0.0044,0.0,1.0,0.0,0.0579,0.10128,blur(high); noise(high),True,False,False,True,False,False
1162,multi_under_noise_0062.jpg,Multi,under_noise,0,1,0,1,0,0,50.0,DEGRADED,53.0,DEGRADED,0.0005,0.9997,0.0,1.0,0.0,0.008,0.04684,underexposure(high); noise(high),False,True,False,True,False,False
1163,multi_defect_blur_jpeg_0063.jpg,Multi,defect_blur_jpeg,1,0,0,0,1,1,38.0,DEFECTIVE,82.5,ACCEPTABLE,0.4674,0.0185,0.0768,0.0024,0.6409,0.2247,0.04535,blur(low); corruption(medium),True,False,False,False,True,False
1164,multi_blur_noise_0064.jpg,Multi,blur_noise,1,0,0,1,0,0,52.0,DEGRADED,63.0,DEGRADED,0.6195,0.0248,0.0,1.0,0.0,0.1678,0.05464,blur(medium); noise(high),True,False,False,True,False,False
1165,multi_under_noise_0065.jpg,Multi,under_noise,0,1,0,1,0,0,50.0,DEGRADED,53.0,DEGRADED,0.0002,0.9999,0.0,1.0,0.0,0.0056,0.04609,underexposure(high); noise(high),False,True,False,True,False,False
1166,multi_defect_blur_jpeg_0066.jpg,Multi,defect_blur_jpeg,1,0,0,0,1,1,38.0,DEFECTIVE,70.6,DEGRADED,0.9229,0.0028,0.0231,0.0002,0.3776,0.0305,0.06562,blur(high),True,False,False,False,False,False
1167,multi_blur_noise_0067.jpg,Multi,blur_noise,1,0,0,1,0,0,52.0,DEGRADED,63.0,DEGRADED,0.6643,0.0416,0.0,1.0,0.0,0.1316,0.04818,blur(medium); noise(high),True,False,False,True,False,False
1168,multi_under_noise_0068.jpg,Multi,under_noise,0,1,0,1,0,0,50.0,DEGRADED,53.0,DEGRADED,0.0005,0.9997,0.0,1.0,0.0,0.0074,0.04184,underexposure(high); noise(high),False,True,False,True,False,False
1169,multi_defect_blur_jpeg_0069.jpg,Multi,defect_blur_jpeg,1,0,0,0,1,1,38.0,DEFECTIVE,70.6,DEGRADED,0.9324,0.0079,0.0067,0.0002,0.2575,0.0455,0.09509,blur(high),True,False,False,False,False,False
1170,multi_blur_noise_0070.jpg,Multi,blur_noise,1,0,0,1,0,0,52.0,DEGRADED,53.0,DEGRADED,0.7709,0.004,0.0,1.0,0.0,0.1639,0.04819,blur(high); noise(high),True,False,False,True,False,False
1171,multi_under_noise_0071.jpg,Multi,under_noise,0,1,0,1,0,0,50.0,DEGRADED,51.8,DEGRADED,0.0023,0.9983,0.0,1.0,0.0,0.0143,0.20028,underexposure(high); noise(high),False,True,False,True,False,False
1172,multi_defect_blur_jpeg_0072.jpg,Multi,defect_blur_jpeg,1,0,0,0,1,1,38.0,DEFECTIVE,83.2,ACCEPTABLE,0.5566,0.0015,0.3241,0.0016,0.2978,0.0647,0.05551,blur(medium),True,False,False,False,False,False
1173,multi_blur_noise_0073.jpg,Multi,blur_noise,1,0,0,1,0,0,52.0,DEGRADED,69.9,DEGRADED,0.4115,0.0134,0.0,1.0,0.0,0.2364,0.04945,blur(low); noise(high),True,False,False,True,False,False
1174,multi_under_noise_0074.jpg,Multi,under_noise,0,1,0,1,0,0,50.0,DEGRADED,16.8,DEFECTIVE,0.0152,0.9913,0.0,1.0,0.0,0.0202,0.27143,underexposure(high); noise(high); defect(high),False,True,False,True,False,True
1175,multi_defect_blur_jpeg_0075.jpg,Multi,defect_blur_jpeg,1,0,0,0,1,1,38.0,DEFECTIVE,51.0,DEGRADED,0.6883,0.0018,0.0193,0.0,0.7731,0.0612,0.09037,blur(high); corruption(high),True,False,False,False,True,False
1176,multi_blur_noise_0076.jpg,Multi,blur_noise,1,0,0,1,0,0,52.0,DEGRADED,53.0,DEGRADED,0.7354,0.0251,0.0001,1.0,0.0,0.1436,0.04756,blur(high); noise(high),True,False,False,True,False,False
1177,multi_under_noise_0077.jpg,Multi,under_noise,0,1,0,1,0,0,50.0,DEGRADED,10.8,DEFECTIVE,0.0181,0.9845,0.0,1.0,0.0,0.0288,0.48786,underexposure(high); noise(high); defect(high),False,True,False,True,False,True
1178,multi_defect_blur_jpeg_0078.jpg,Multi,defect_blur_jpeg,1,0,0,0,1,1,38.0,DEFECTIVE,70.6,DEGRADED,0.8494,0.0065,0.1256,0.0013,0.3849,0.0367,0.03112,blur(high),True,False,False,False,False,False
1179,multi_blur_noise_0079.jpg,Multi,blur_noise,1,0,0,1,0,0,52.0,DEGRADED,51.6,DEGRADED,0.9413,0.0244,0.0,1.0,0.0,0.0317,0.20409,blur(high); noise(high),True,False,False,True,False,False
1180,multi_under_noise_0080.jpg,Multi,under_noise,0,1,0,1,0,0,50.0,DEGRADED,53.0,DEGRADED,0.0006,0.9997,0.0,1.0,0.0,0.0086,0.04127,underexposure(high); noise(high),False,True,False,True,False,False
1181,multi_defect_blur_jpeg_0081.jpg,Multi,defect_blur_jpeg,1,0,0,0,1,1,38.0,DEFECTIVE,70.6,DEGRADED,0.793,0.0017,0.0515,0.0005,0.3539,0.0684,0.08565,blur(high),True,False,False,False,False,False
1182,multi_blur_noise_0082.jpg,Multi,blur_noise,1,0,0,1,0,0,52.0,DEGRADED,63.0,DEGRADED,0.6709,0.0144,0.0001,1.0,0.0,0.1804,0.0524,blur(medium); noise(high),True,False,False,True,False,False
1183,multi_under_noise_0083.jpg,Multi,under_noise,0,1,0,1,0,0,50.0,DEGRADED,53.0,DEGRADED,0.0006,0.9997,0.0,1.0,0.0,0.008,0.04006,underexposure(high); noise(high),False,True,False,True,False,False
1184,multi_defect_blur_jpeg_0084.jpg,Multi,defect_blur_jpeg,1,0,0,0,1,1,38.0,DEFECTIVE,70.6,DEGRADED,0.9388,0.0033,0.0112,0.0002,0.3301,0.0334,0.04864,blur(high),True,False,False,False,False,False
1185,multi_blur_noise_0085.jpg,Multi,blur_noise,1,0,0,1,0,0,52.0,DEGRADED,74.8,DEGRADED,0.247,0.6593,0.0,1.0,0.0,0.0655,0.05497,noise(high),False,False,False,True,False,False
1186,multi_under_noise_0086.jpg,Multi,under_noise,0,1,0,1,0,0,50.0,DEGRADED,53.0,DEGRADED,0.0002,0.9999,0.0,1.0,0.0,0.0047,0.04579,underexposure(high); noise(high),False,True,False,True,False,False
1187,multi_defect_blur_jpeg_0087.jpg,Multi,defect_blur_jpeg,1,0,0,0,1,1,38.0,DEFECTIVE,67.7,DEGRADED,0.8526,0.01,0.0533,0.0008,0.523,0.0673,0.04345,blur(high); corruption(low),True,False,False,False,True,False
1188,multi_blur_noise_0088.jpg,Multi,blur_noise,1,0,0,1,0,0,52.0,DEGRADED,69.9,DEGRADED,0.438,0.0018,0.0001,1.0,0.0,0.293,0.04979,blur(low); noise(high),True,False,False,True,False,False
1189,multi_under_noise_0089.jpg,Multi,under_noise,0,1,0,1,0,0,50.0,DEGRADED,15.5,DEFECTIVE,0.0001,0.9999,0.0,1.0,0.0,0.0035,0.29958,underexposure(high); noise(high); defect(high),False,True,False,True,False,True
1190,multi_defect_blur_jpeg_0090.jpg,Multi,defect_blur_jpeg,1,0,0,0,1,1,38.0,DEFECTIVE,70.6,DEGRADED,0.8323,0.0149,0.0945,0.0018,0.3978,0.0781,0.02359,blur(high),True,False,False,False,False,False
1191,multi_blur_noise_0091.jpg,Multi,blur_noise,1,0,0,1,0,0,52.0,DEGRADED,53.0,DEGRADED,0.0684,0.9852,0.0,0.9999,0.0,0.0115,0.05048,underexposure(high); noise(high),False,True,False,True,False,False
1192,multi_under_noise_0092.jpg,Multi,under_noise,0,1,0,1,0,0,50.0,DEGRADED,53.0,DEGRADED,0.0002,0.9999,0.0,1.0,0.0,0.0047,0.05188,underexposure(high); noise(high),False,True,False,True,False,False
1193,multi_defect_blur_jpeg_0093.jpg,Multi,defect_blur_jpeg,1,0,0,0,1,1,38.0,DEFECTIVE,51.0,DEGRADED,0.7901,0.0146,0.0584,0.0001,0.8263,0.0191,0.05984,blur(high); corruption(high),True,False,False,False,True,False
1194,multi_blur_noise_0094.jpg,Multi,blur_noise,1,0,0,1,0,0,52.0,DEGRADED,53.0,DEGRADED,0.7995,0.012,0.0,1.0,0.0,0.131,0.05216,blur(high); noise(high),True,False,False,True,False,False
1195,multi_under_noise_0095.jpg,Multi,under_noise,0,1,0,1,0,0,50.0,DEGRADED,53.0,DEGRADED,0.0003,0.9998,0.0,1.0,0.0,0.0061,0.05159,underexposure(high); noise(high),False,True,False,True,False,False
1196,multi_defect_blur_jpeg_0096.jpg,Multi,defect_blur_jpeg,1,0,0,0,1,1,38.0,DEFECTIVE,70.6,DEGRADED,0.8896,0.0021,0.1226,0.0085,0.1053,0.0573,0.06849,blur(high),True,False,False,False,False,False
1197,multi_blur_noise_0097.jpg,Multi,blur_noise,1,0,0,1,0,0,52.0,DEGRADED,63.0,DEGRADED,0.5955,0.2129,0.0,1.0,0.0,0.0729,0.04378,blur(medium); noise(high),True,False,False,True,False,False
1198,multi_under_noise_0098.jpg,Multi,under_noise,0,1,0,1,0,0,50.0,DEGRADED,18.0,DEFECTIVE,0.0013,0.9993,0.0,1.0,0.0,0.0098,0.24554,underexposure(high); noise(high); defect(high),False,True,False,True,False,True
1199,multi_defect_blur_jpeg_0099.jpg,Multi,defect_blur_jpeg,1,0,0,0,1,1,38.0,DEFECTIVE,67.7,DEGRADED,0.7041,0.0008,0.2383,0.0,0.5513,0.0047,0.06455,blur(high); corruption(low),True,False,False,False,True,False
1200,multi_blur_noise_0100.jpg,Multi,blur_noise,1,0,0,1,0,0,52.0,DEGRADED,53.0,DEGRADED,0.904,0.0029,0.0,1.0,0.0,0.0938,0.04869,blur(high); noise(high),True,False,False,True,False,False
1201,multi_under_noise_0101.jpg,Multi,under_noise,0,1,0,1,0,0,50.0,DEGRADED,53.0,DEGRADED,0.0006,0.9997,0.0,1.0,0.0,0.0078,0.04444,underexposure(high); noise(high),False,True,False,True,False,False
1202,multi_defect_blur_jpeg_0102.jpg,Multi,defect_blur_jpeg,1,0,0,0,1,1,38.0,DEFECTIVE,83.2,ACCEPTABLE,0.5762,0.0023,0.0269,0.0006,0.3794,0.1877,0.07125,blur(medium),True,False,False,False,False,False
1203,multi_blur_noise_0103.jpg,Multi,blur_noise,1,0,0,1,0,0,52.0,DEGRADED,53.0,DEGRADED,0.7626,0.0295,0.0,1.0,0.0,0.1148,0.07443,blur(high); noise(high),True,False,False,True,False,False
1204,multi_under_noise_0104.jpg,Multi,under_noise,0,1,0,1,0,0,50.0,DEGRADED,53.0,DEGRADED,0.0003,0.9999,0.0,1.0,0.0,0.0053,0.10274,underexposure(high); noise(high),False,True,False,True,False,False
1205,multi_defect_blur_jpeg_0105.jpg,Multi,defect_blur_jpeg,1,0,0,0,1,1,38.0,DEFECTIVE,70.6,DEGRADED,0.903,0.0067,0.0963,0.0018,0.2972,0.0417,0.06467,blur(high),True,False,False,False,False,False
1206,multi_blur_noise_0106.jpg,Multi,blur_noise,1,0,0,1,0,0,52.0,DEGRADED,53.0,DEGRADED,0.7422,0.5009,0.0,1.0,0.0,0.0235,0.03187,blur(high); noise(high),True,False,False,True,False,False
1207,multi_under_noise_0107.jpg,Multi,under_noise,0,1,0,1,0,0,50.0,DEGRADED,53.0,DEGRADED,0.0004,0.9998,0.0,1.0,0.0,0.0063,0.03311,underexposure(high); noise(high),False,True,False,True,False,False
1208,multi_defect_blur_jpeg_0108.jpg,Multi,defect_blur_jpeg,1,0,0,0,1,1,38.0,DEFECTIVE,67.7,DEGRADED,0.7681,0.001,0.0366,0.0001,0.5227,0.0509,0.0733,blur(high); corruption(low),True,False,False,False,True,False
1209,multi_blur_noise_0109.jpg,Multi,blur_noise,1,0,0,1,0,0,52.0,DEGRADED,63.0,DEGRADED,0.5804,0.0411,0.0,1.0,0.0,0.1528,0.05263,blur(medium); noise(high),True,False,False,True,False,False
1210,multi_under_noise_0110.jpg,Multi,under_noise,0,1,0,1,0,0,50.0,DEGRADED,53.0,DEGRADED,0.0004,0.9998,0.0,1.0,0.0,0.0066,0.07668,underexposure(high); noise(high),False,True,False,True,False,False
1211,multi_defect_blur_jpeg_0111.jpg,Multi,defect_blur_jpeg,1,0,0,0,1,1,38.0,DEFECTIVE,70.6,DEGRADED,0.9568,0.0006,0.0187,0.0002,0.1344,0.0178,0.0966,blur(high),True,False,False,False,False,False
1212,multi_blur_noise_0112.jpg,Multi,blur_noise,1,0,0,1,0,0,52.0,DEGRADED,63.0,DEGRADED,0.6506,0.0333,0.0,1.0,0.0,0.1533,0.07814,blur(medium); noise(high),True,False,False,True,False,False
1213,multi_under_noise_0113.jpg,Multi,under_noise,0,1,0,1,0,0,50.0,DEGRADED,53.0,DEGRADED,0.0003,0.9999,0.0,1.0,0.0,0.0054,0.03811,underexposure(high); noise(high),False,True,False,True,False,False
1214,multi_defect_blur_jpeg_0114.jpg,Multi,defect_blur_jpeg,1,0,0,0,1,1,38.0,DEFECTIVE,70.6,DEGRADED,0.8777,0.0022,0.0316,0.0002,0.4189,0.0393,0.143,blur(high),True,False,False,False,False,False
1215,multi_blur_noise_0115.jpg,Multi,blur_noise,1,0,0,1,0,0,52.0,DEGRADED,53.0,DEGRADED,0.811,0.0328,0.0,1.0,0.0,0.0938,0.06211,blur(high); noise(high),True,False,False,True,False,False
1216,multi_under_noise_0116.jpg,Multi,under_noise,0,1,0,1,0,0,50.0,DEGRADED,53.0,DEGRADED,0.0001,0.9999,0.0,1.0,0.0,0.0039,0.04127,underexposure(high); noise(high),False,True,False,True,False,False
1217,multi_defect_blur_jpeg_0117.jpg,Multi,defect_blur_jpeg,1,0,0,0,1,1,38.0,DEFECTIVE,28.0,DEFECTIVE,0.8266,0.1194,0.0299,0.0029,0.2385,0.0848,0.3015,blur(high); defect(high),True,False,False,False,False,True
1218,multi_blur_noise_0118.jpg,Multi,blur_noise,1,0,0,1,0,0,52.0,DEGRADED,53.0,DEGRADED,0.6982,0.0663,0.0,1.0,0.0,0.0999,0.09105,blur(high); noise(high),True,False,False,True,False,False
1219,multi_under_noise_0119.jpg,Multi,under_noise,0,1,0,1,0,0,50.0,DEGRADED,53.0,DEGRADED,0.0005,0.9998,0.0,1.0,0.0,0.0069,0.06433,underexposure(high); noise(high),False,True,False,True,False,False
1220,multi_defect_blur_jpeg_0120.jpg,Multi,defect_blur_jpeg,1,0,0,0,1,1,38.0,DEFECTIVE,61.8,DEGRADED,0.89,0.0056,0.033,0.0001,0.6229,0.024,0.03221,blur(high); corruption(medium),True,False,False,False,True,False
1221,multi_blur_noise_0121.jpg,Multi,blur_noise,1,0,0,1,0,0,52.0,DEGRADED,63.0,DEGRADED,0.5292,0.0044,0.0,1.0,0.0,0.2522,0.0679,blur(medium); noise(high),True,False,False,True,False,False
1222,multi_under_noise_0122.jpg,Multi,under_noise,0,1,0,1,0,0,50.0,DEGRADED,52.0,DEGRADED,0.001,0.9994,0.0,1.0,0.0,0.0093,0.19597,underexposure(high); noise(high),False,True,False,True,False,False
1223,multi_defect_blur_jpeg_0123.jpg,Multi,defect_blur_jpeg,1,0,0,0,1,1,38.0,DEFECTIVE,60.2,DEGRADED,0.6564,0.0012,0.0357,0.0,0.7927,0.0362,0.14392,blur(medium); corruption(high),True,False,False,False,True,False
1224,multi_blur_noise_0124.jpg,Multi,blur_noise,1,0,0,1,0,0,52.0,DEGRADED,63.0,DEGRADED,0.5754,0.0153,0.0,1.0,0.0,0.2128,0.07406,blur(medium); noise(high),True,False,False,True,False,False
1225,multi_under_noise_0125.jpg,Multi,under_noise,0,1,0,1,0,0,50.0,DEGRADED,53.0,DEGRADED,0.0004,0.9998,0.0,1.0,0.0,0.0062,0.08606,underexposure(high); noise(high),False,True,False,True,False,False
1226,multi_defect_blur_jpeg_0126.jpg,Multi,defect_blur_jpeg,1,0,0,0,1,1,38.0,DEFECTIVE,67.7,DEGRADED,0.8407,0.0217,0.0468,0.0011,0.5485,0.0919,0.04435,blur(high); corruption(low),True,False,False,False,True,False
1227,multi_blur_noise_0127.jpg,Multi,blur_noise,1,0,0,1,0,0,52.0,DEGRADED,53.0,DEGRADED,0.7767,0.061,0.0,1.0,0.0,0.0867,0.07148,blur(high); noise(high),True,False,False,True,False,False
1228,multi_under_noise_0128.jpg,Multi,under_noise,0,1,0,1,0,0,50.0,DEGRADED,53.0,DEGRADED,0.0006,0.9996,0.0,1.0,0.0,0.0094,0.1302,underexposure(high); noise(high),False,True,False,True,False,False
1229,multi_defect_blur_jpeg_0129.jpg,Multi,defect_blur_jpeg,1,0,0,0,1,1,38.0,DEFECTIVE,67.7,DEGRADED,0.8459,0.0055,0.0111,0.0001,0.5515,0.0569,0.13448,blur(high); corruption(low),True,False,False,False,True,False
1230,multi_blur_noise_0130.jpg,Multi,blur_noise,1,0,0,1,0,0,52.0,DEGRADED,63.0,DEGRADED,0.64,0.0074,0.0,1.0,0.0,0.2029,0.06762,blur(medium); noise(high),True,False,False,True,False,False
1231,multi_under_noise_0131.jpg,Multi,under_noise,0,1,0,1,0,0,50.0,DEGRADED,53.0,DEGRADED,0.0006,0.9996,0.0,1.0,0.0,0.0094,0.1519,underexposure(high); noise(high),False,True,False,True,False,False
1232,multi_defect_blur_jpeg_0132.jpg,Multi,defect_blur_jpeg,1,0,0,0,1,1,38.0,DEFECTIVE,70.6,DEGRADED,0.8636,0.0293,0.0223,0.0012,0.3538,0.0944,0.04645,blur(high),True,False,False,False,False,False
1233,multi_blur_noise_0133.jpg,Multi,blur_noise,1,0,0,1,0,0,52.0,DEGRADED,53.0,DEGRADED,0.8749,0.0187,0.0,1.0,0.0,0.068,0.08766,blur(high); noise(high),True,False,False,True,False,False
1234,multi_under_noise_0134.jpg,Multi,under_noise,0,1,0,1,0,0,50.0,DEGRADED,53.0,DEGRADED,0.0005,0.9997,0.0,1.0,0.0,0.0085,0.0546,underexposure(high); noise(high),False,True,False,True,False,False
1235,multi_defect_blur_jpeg_0135.jpg,Multi,defect_blur_jpeg,1,0,0,0,1,1,38.0,DEFECTIVE,70.6,DEGRADED,0.8646,0.0027,0.0633,0.0019,0.2984,0.0813,0.08775,blur(high),True,False,False,False,False,False
1236,multi_blur_noise_0136.jpg,Multi,blur_noise,1,0,0,1,0,0,52.0,DEGRADED,53.0,DEGRADED,0.8633,0.1367,0.0,1.0,0.0,0.0386,0.08026,blur(high); noise(high),True,False,False,True,False,False
1237,multi_under_noise_0137.jpg,Multi,under_noise,0,1,0,1,0,0,50.0,DEGRADED,53.0,DEGRADED,0.0003,0.9998,0.0,1.0,0.0,0.006,0.04559,underexposure(high); noise(high),False,True,False,True,False,False
1238,multi_defect_blur_jpeg_0138.jpg,Multi,defect_blur_jpeg,1,0,0,0,1,1,38.0,DEFECTIVE,61.8,DEGRADED,0.8772,0.0174,0.0263,0.0002,0.6639,0.029,0.09696,blur(high); corruption(medium),True,False,False,False,True,False
1239,multi_blur_noise_0139.jpg,Multi,blur_noise,1,0,0,1,0,0,52.0,DEGRADED,53.0,DEGRADED,0.8471,0.0061,0.0,1.0,0.0,0.1195,0.04737,blur(high); noise(high),True,False,False,True,False,False
1240,multi_under_noise_0140.jpg,Multi,under_noise,0,1,0,1,0,0,50.0,DEGRADED,53.0,DEGRADED,0.0009,0.9995,0.0,0.9999,0.0,0.01,0.07143,underexposure(high); noise(high),False,True,False,True,False,False
1241,multi_defect_blur_jpeg_0141.jpg,Multi,defect_blur_jpeg,1,0,0,0,1,1,38.0,DEFECTIVE,70.6,DEGRADED,0.8476,0.0999,0.0024,0.0002,0.2066,0.065,0.13106,blur(high),True,False,False,False,False,False
1242,multi_blur_noise_0142.jpg,Multi,blur_noise,1,0,0,1,0,0,52.0,DEGRADED,63.0,DEGRADED,0.5003,0.0131,0.0,1.0,0.0,0.2192,0.0526,blur(medium); noise(high),True,False,False,True,False,False
1243,multi_under_noise_0143.jpg,Multi,under_noise,0,1,0,1,0,0,50.0,DEGRADED,53.0,DEGRADED,0.0011,0.9994,0.0,0.9999,0.0,0.0106,0.04199,underexposure(high); noise(high),False,True,False,True,False,False
1244,multi_defect_blur_jpeg_0144.jpg,Multi,defect_blur_jpeg,1,0,0,0,1,1,38.0,DEFECTIVE,70.6,DEGRADED,0.8597,0.0017,0.0386,0.0003,0.3382,0.0483,0.03877,blur(high),True,False,False,False,False,False
1245,multi_blur_noise_0145.jpg,Multi,blur_noise,1,0,0,1,0,0,52.0,DEGRADED,69.9,DEGRADED,0.4659,0.0051,0.0001,1.0,0.0,0.2708,0.05923,blur(low); noise(high),True,False,False,True,False,False
1246,multi_under_noise_0146.jpg,Multi,under_noise,0,1,0,1,0,0,50.0,DEGRADED,53.0,DEGRADED,0.0005,0.9997,0.0,1.0,0.0,0.0078,0.04242,underexposure(high); noise(high),False,True,False,True,False,False
1247,multi_defect_blur_jpeg_0147.jpg,Multi,defect_blur_jpeg,1,0,0,0,1,1,38.0,DEFECTIVE,60.2,DEGRADED,0.4939,0.1436,0.0146,0.0003,0.7465,0.2386,0.05911,blur(medium); corruption(high),True,False,False,False,True,False
1248,multi_blur_noise_0148.jpg,Multi,blur_noise,1,0,0,1,0,0,52.0,DEGRADED,53.0,DEGRADED,0.7798,0.0067,0.0,1.0,0.0,0.1499,0.10529,blur(high); noise(high),True,False,False,True,False,False
1249,multi_under_noise_0149.jpg,Multi,under_noise,0,1,0,1,0,0,50.0,DEGRADED,53.0,DEGRADED,0.0008,0.9995,0.0,1.0,0.0,0.0102,0.04041,underexposure(high); noise(high),False,True,False,True,False,False
1250,multi_defect_blur_jpeg_0150.jpg,Multi,defect_blur_jpeg,1,0,0,0,1,1,38.0,DEFECTIVE,72.0,DEGRADED,0.3026,0.0885,0.0546,0.0001,0.8893,0.074,0.07834,corruption(high),False,False,False,False,True,False
1251,multi_blur_noise_0151.jpg,Multi,blur_noise,1,0,0,1,0,0,52.0,DEGRADED,53.0,DEGRADED,0.9425,0.0055,0.0,1.0,0.0,0.0556,0.0613,blur(high); noise(high),True,False,False,True,False,False
1252,multi_under_noise_0152.jpg,Multi,under_noise,0,1,0,1,0,0,50.0,DEGRADED,53.0,DEGRADED,0.001,0.9994,0.0,1.0,0.0,0.0104,0.05086,underexposure(high); noise(high),False,True,False,True,False,False
1253,multi_defect_blur_jpeg_0153.jpg,Multi,defect_blur_jpeg,1,0,0,0,1,1,38.0,DEFECTIVE,70.6,DEGRADED,0.7688,0.1262,0.0086,0.001,0.2607,0.1435,0.05487,blur(high),True,False,False,False,False,False
1254,multi_blur_noise_0154.jpg,Multi,blur_noise,1,0,0,1,0,0,52.0,DEGRADED,53.0,DEGRADED,0.7846,0.0363,0.0,1.0,0.0,0.1041,0.07692,blur(high); noise(high),True,False,False,True,False,False
1255,multi_under_noise_0155.jpg,Multi,under_noise,0,1,0,1,0,0,50.0,DEGRADED,53.0,DEGRADED,0.0003,0.9998,0.0,1.0,0.0,0.0054,0.0443,underexposure(high); noise(high),False,True,False,True,False,False
1256,multi_defect_blur_jpeg_0156.jpg,Multi,defect_blur_jpeg,1,0,0,0,1,1,38.0,DEFECTIVE,70.6,DEGRADED,0.9324,0.0292,0.009,0.0006,0.1479,0.0312,0.05106,blur(high),True,False,False,False,False,False
1257,multi_blur_noise_0157.jpg,Multi,blur_noise,1,0,0,1,0,0,52.0,DEGRADED,63.0,DEGRADED,0.5736,0.0188,0.0,1.0,0.0,0.2028,0.04935,blur(medium); noise(high),True,False,False,True,False,False
1258,multi_under_noise_0158.jpg,Multi,under_noise,0,1,0,1,0,0,50.0,DEGRADED,10.8,DEFECTIVE,0.001,0.9994,0.0,0.9999,0.0,0.0117,0.42249,underexposure(high); noise(high); defect(high),False,True,False,True,False,True
1259,multi_defect_blur_jpeg_0159.jpg,Multi,defect_blur_jpeg,1,0,0,0,1,1,38.0,DEFECTIVE,70.6,DEGRADED,0.9165,0.0027,0.032,0.0001,0.4386,0.0184,0.05163,blur(high),True,False,False,False,False,False
1260,multi_blur_noise_0160.jpg,Multi,blur_noise,1,0,0,1,0,0,52.0,DEGRADED,53.0,DEGRADED,0.7485,0.0082,0.0,1.0,0.0,0.1623,0.04994,blur(high); noise(high),True,False,False,True,False,False
1261,multi_under_noise_0161.jpg,Multi,under_noise,0,1,0,1,0,0,50.0,DEGRADED,53.0,DEGRADED,0.0002,0.9999,0.0,1.0,0.0,0.0051,0.03604,underexposure(high); noise(high),False,True,False,True,False,False
1262,multi_defect_blur_jpeg_0162.jpg,Multi,defect_blur_jpeg,1,0,0,0,1,1,38.0,DEFECTIVE,61.8,DEGRADED,0.868,0.0051,0.0247,0.0001,0.6623,0.0337,0.04817,blur(high); corruption(medium),True,False,False,False,True,False
1263,multi_blur_noise_0163.jpg,Multi,blur_noise,1,0,0,1,0,0,52.0,DEGRADED,63.0,DEGRADED,0.4993,0.0088,0.0001,1.0,0.0,0.2558,0.0768,blur(medium); noise(high),True,False,False,True,False,False
1264,multi_under_noise_0164.jpg,Multi,under_noise,0,1,0,1,0,0,50.0,DEGRADED,53.0,DEGRADED,0.0012,0.9992,0.0,1.0,0.0,0.0129,0.0621,underexposure(high); noise(high),False,True,False,True,False,False
1265,multi_defect_blur_jpeg_0165.jpg,Multi,defect_blur_jpeg,1,0,0,0,1,1,38.0,DEFECTIVE,61.8,DEGRADED,0.8297,0.0031,0.0246,0.0001,0.6829,0.051,0.04858,blur(high); corruption(medium),True,False,False,False,True,False
1266,multi_blur_noise_0166.jpg,Multi,blur_noise,1,0,0,1,0,0,52.0,DEGRADED,53.0,DEGRADED,0.6782,0.0019,0.0001,1.0,0.0,0.2261,0.09564,blur(high); noise(high),True,False,False,True,False,False
1267,multi_under_noise_0167.jpg,Multi,under_noise,0,1,0,1,0,0,50.0,DEGRADED,53.0,DEGRADED,0.0018,0.9987,0.0,1.0,0.0,0.0141,0.03211,underexposure(high); noise(high),False,True,False,True,False,False
1268,multi_defect_blur_jpeg_0168.jpg,Multi,defect_blur_jpeg,1,0,0,0,1,1,38.0,DEFECTIVE,72.0,DEGRADED,0.3365,0.0886,0.0732,0.0004,0.8277,0.1336,0.14728,corruption(high),False,False,False,False,True,False
1269,multi_blur_noise_0169.jpg,Multi,blur_noise,1,0,0,1,0,0,52.0,DEGRADED,63.0,DEGRADED,0.6581,0.0359,0.0,1.0,0.0,0.1456,0.04259,blur(medium); noise(high),True,False,False,True,False,False
1270,multi_under_noise_0170.jpg,Multi,under_noise,0,1,0,1,0,0,50.0,DEGRADED,53.0,DEGRADED,0.0006,0.9997,0.0,1.0,0.0,0.0083,0.0366,underexposure(high); noise(high),False,True,False,True,False,False
1271,multi_defect_blur_jpeg_0171.jpg,Multi,defect_blur_jpeg,1,0,0,0,1,1,38.0,DEFECTIVE,70.6,DEGRADED,0.7785,0.0028,0.1596,0.0028,0.4019,0.0893,0.03645,blur(high),True,False,False,False,False,False
1272,multi_blur_noise_0172.jpg,Multi,blur_noise,1,0,0,1,0,0,52.0,DEGRADED,63.0,DEGRADED,0.4845,0.7444,0.0,1.0,0.0,0.0245,0.17017,blur(medium); noise(high),True,False,False,True,False,False
1273,multi_under_noise_0173.jpg,Multi,under_noise,0,1,0,1,0,0,50.0,DEGRADED,53.0,DEGRADED,0.0002,0.9999,0.0,1.0,0.0,0.0042,0.02818,underexposure(high); noise(high),False,True,False,True,False,False
1274,multi_defect_blur_jpeg_0174.jpg,Multi,defect_blur_jpeg,1,0,0,0,1,1,38.0,DEFECTIVE,70.6,DEGRADED,0.9498,0.0008,0.0413,0.0005,0.0895,0.0115,0.06288,blur(high),True,False,False,False,False,False
1275,multi_blur_noise_0175.jpg,Multi,blur_noise,1,0,0,1,0,0,52.0,DEGRADED,53.0,DEGRADED,0.7304,0.0105,0.0,1.0,0.0,0.1602,0.05969,blur(high); noise(high),True,False,False,True,False,False
1276,multi_under_noise_0176.jpg,Multi,under_noise,0,1,0,1,0,0,50.0,DEGRADED,53.0,DEGRADED,0.0004,0.9998,0.0,1.0,0.0,0.0064,0.03541,underexposure(high); noise(high),False,True,False,True,False,False
1277,multi_defect_blur_jpeg_0177.jpg,Multi,defect_blur_jpeg,1,0,0,0,1,1,38.0,DEFECTIVE,51.0,DEGRADED,0.7239,0.0055,0.0178,0.0001,0.738,0.0944,0.02897,blur(high); corruption(high),True,False,False,False,True,False
1278,multi_blur_noise_0178.jpg,Multi,blur_noise,1,0,0,1,0,0,52.0,DEGRADED,53.0,DEGRADED,0.7313,0.0054,0.0001,1.0,0.0,0.1834,0.05406,blur(high); noise(high),True,False,False,True,False,False
1279,multi_under_noise_0179.jpg,Multi,under_noise,0,1,0,1,0,0,50.0,DEGRADED,13.3,DEFECTIVE,0.0048,0.9955,0.0,1.0,0.0,0.0203,0.34771,underexposure(high); noise(high); defect(high),False,True,False,True,False,True
1280,multi_defect_blur_jpeg_0180.jpg,Multi,defect_blur_jpeg,1,0,0,0,1,1,38.0,DEFECTIVE,70.6,DEGRADED,0.9609,0.0008,0.0181,0.0002,0.1625,0.0182,0.05245,blur(high),True,False,False,False,False,False
